estacion,tendencia_m_año,r2,p_valor,n_mediciones,nivel_medio,rango_m,año_inicio,año_fin,x,y,masa_agua
Piezòmetre - 11 Gironella-1,0.058448808044083304,0.31119954060761895,2.747364608261834e-60,722.0,441.1521191135734,3.0399999999999636,2009.0,2024.0,407431.31,4654152.83,N/D - Subterrània
Piezòmetre - 11 Sallent-1,-0.10578662882217016,0.5767875741151971,1.7126959831366836e-143,759.0,241.11452042160738,2.969999999999999,2009.0,2024.0,409279.0,4626275.0,Detrítics terciaris del Llobregat mig
Piezòmetre - 11 Sant Vicenç De Castellet-1,0.00039804395923006744,9.5150680695276e-05,0.7930262203599525,726.0,155.00248760330578,1.5900000000000034,2009.0,2024.0,405268.67,4612939.76,Detrítics terciaris del Llobregat mig
Piezòmetre - 12 Bigues I Riells-1 (Font Del Tord),-0.0612681360863215,0.2017303231661851,3.619550068767138e-38,743.0,227.83793674293406,10.11099999999999,2009.0,2024.0,436011.1,4613775.7,Prelitoral del Vallès
Piezòmetre - 12 Bigues I Riells-2 (Can Camps),-0.09855636184128805,0.051923191748829235,6.034100156806784e-10,721.0,231.43039112343968,26.208,2009.0,2024.0,433321.82,4615594.39,Prelitoral del Vallès
Piezòmetre - 12 Bigues I Riells-3 (Can Regasol),0.09755338833986144,0.033993842575170206,3.685469478377587e-07,750.0,374.64809333333335,44.389999999999986,2009.0,2024.0,431962.52,4611882.78,Prelitoral del Vallès
Piezòmetre - 12 Castellar Del Vallès-1,-0.4050187580966009,0.14555951293095207,1.1282748650653142e-26,729.0,289.2834183813443,23.025000000000034,2009.0,2024.0,422874.82,4608172.06,Prelitoral del Vallès
Piezòmetre - 12 Matadepera-1,0.4191279267335763,0.08200508901765852,3.603484729620722e-15,726.0,418.2782190082644,21.0,2009.0,2024.0,418527.78,4606327.48,Prelitoral del Vallès
Piezòmetre - 13 Sant Sadurní D'Osormort-1,-0.017855966410398067,0.09814848919493173,5.364500020292562e-18,726.0,518.7445179063361,2.490000000000009,2009.0,2024.0,448497.53,4638957.66,Montseny-Guilleries
Piezòmetre - 14 Campllong-1,-0.0073460803363211615,0.014019409438407241,0.0924723807806347,203.0,89.3928078817734,4.510000000000005,2007.0,2024.0,484938.0,4638441.0,Plioquaternari de l'Onyar
Piezòmetre - 14 Piezòmetre Cassà-1,-0.15733608416616182,0.0006357912139948359,0.9047694295071992,25.0,97.67119999999998,16.549999999999997,2022.0,2024.0,487204.88,4634769.57,Plioquaternari de l'Onyar
Piezòmetre - 14 Piezòmetre Riudellots-1,-0.7755496714256755,0.965414851205588,7.961088157465175e-17,23.0,89.50304347826086,1.5700000000000074,2022.0,2024.0,483603.95,4638495.92,Plioquaternari de l'Onyar
Piezòmetre - 14 Piezòmetre Vilobí-1,-1.6509700505103402,0.17485964804715196,0.0420052918917016,24.0,104.75250000000001,8.879999999999995,2022.0,2024.0,479082.17,4637355.33,Plioquaternari de l'Onyar
Piezòmetre - 14-Girona 2,-0.053571084490055404,0.4964811185898187,2.851181306052624e-11,67.0,67.52985074626865,0.6300000000000097,2018.0,2024.0,484672.0,4647532.0,Plioquaternari de l'Onyar
Piezòmetre - 14-Girona 3,-0.029450403554934498,0.150035982062257,0.0015662962974672223,64.0,67.3984375,0.7099999999999937,2018.0,2024.0,484672.0,4647532.5,Plioquaternari de l'Onyar
Piezòmetre - 15 Piezòmetre Calonge-1 (Superficial),-0.14207944256186195,0.24660522242328956,0.009864311735235621,26.0,1.1042307692307693,0.86,2022.0,2024.0,508567.73,4633150.73,Al·luvials de la Baixa Costa Brava
Piezòmetre - 15 Piezòmetre Calonge-2 (Profund),0.1873446869404463,0.38183799387044715,0.0007685160930938392,26.0,0.5634615384615385,0.6799999999999999,2022.0,2024.0,508565.93,4633150.15,Al·luvials de la Baixa Costa Brava
Piezòmetre - 25 Piezòmetre Valls-1,0.3078156132414067,0.008599453520528535,0.645481221331129,27.0,224.5185185185185,12.139999999999986,2022.0,2024.0,354536.3,4573411.8,Alt Camp
Piezòmetre - 26 Piezòmetre Cambrils-1,-0.027243150102767868,0.004510143012429987,0.7497589811257153,25.0,4.726400000000001,0.8600000000000003,2022.0,2024.0,336226.3,4548190.1,Baix Camp
Piezòmetre - 27 Piezometre Rocafort Queralt-1,-0.13760149562956284,0.2297179054576006,0.013233054506239489,26.0,520.9346153846154,0.75,2022.0,2024.0,356420.9,4592743.2,Prades - Alt Francolí
Piezòmetre - 27 Piezòmetre Montblanc-1 (Poble),-16.64285168767421,0.8307995845735431,9.66135273517265e-11,26.0,334.69769230769236,37.94999999999999,2022.0,2024.0,345731.5,4581580.1,Prades - Alt Francolí
Piezòmetre - 27 Piezòmetre Montblanc-2 (Muntanya),-10.068374090190094,0.893839246112994,1.0896120932636895e-12,25.0,362.36280000000005,19.060000000000002,2022.0,2024.0,345265.0,4580399.4,Prades - Alt Francolí
Piezòmetre - 28 Piezòmetre Alforja-1,-1.7783291116900928,0.2873951097022324,0.003947542197710101,27.0,356.2848148148148,11.830000000000041,2022.0,2024.0,330007.5,4564078.9,Llaberia - Prades meridional
Piezòmetre - 28 Piezòmetre Vandellòs-1,11.639322244493172,0.6250073425179196,2.5690514553500748e-06,25.0,187.18239999999997,30.870000000000005,2022.0,2024.0,317601.8,4543471.8,Llaberia - Prades meridional
Piezòmetre - 3 Piezòmetre Llers-1,0.032856802349599964,0.00011397960843434158,0.9553479519719293,30.0,175.81400000000002,15.120000000000005,2022.0,2026.0,492028.82,4682897.65,Conca alta de la Muga
Piezòmetre - 33 Bordils-1,-0.0009552261384928655,0.00014026625122692623,0.74640604042127,748.0,32.1847807486631,2.8399999999999963,2009.0,2024.0,492721.0,4655808.0,Fluviodeltaic del Baix Ter
Piezòmetre - 33 Foixà-1,-0.11189477518471934,0.20150706506903654,0.003667635089950142,40.0,12.672,1.3399999999999999,2020.0,2024.0,502102.7,4655964.3,Fluviodeltaic del Baix Ter
Piezòmetre - 33 Fontanilles-2_Rec Molí Pals,-0.023937894435628257,0.01900017892485006,0.2773948978729544,64.0,3.6831250000000004,1.6699999999999995,2018.0,2026.0,511283.5,4650164.1,Fluviodeltaic del Baix Ter
Piezòmetre - 33 Pals-1_Rec Molí Pals,-0.0788741426003693,0.3220228898733934,4.5093491695784187e-07,68.0,0.4477941176470588,2.07,2018.0,2026.0,513690.5,4650201.1,Fluviodeltaic del Baix Ter
Piezòmetre - 33 Pals-2_Rec Molí Pals,-0.0008080458055948928,3.4049157422619874e-05,0.9774304939522895,26.0,0.4938461538461538,0.72,2018.0,2024.0,515566.5,4650587.1,Fluviodeltaic del Baix Ter
Piezòmetre - 33 Sant Jordi Desvalls-1,-0.001171551938016915,0.00026777111041310605,0.6534928839216856,755.0,22.507192052980134,2.9899999999999984,2009.0,2024.0,497389.71,4656330.09,Fluviodeltaic del Baix Ter
Piezòmetre - 33-Celrà-1,-0.013587943975842903,0.02265065682696337,3.583266702659852e-05,748.0,40.232299465240644,1.9600000000000009,2009.0,2024.0,489815.0,4654850.0,Fluviodeltaic del Baix Ter
Piezòmetre - 34 Breda-1,-0.01334689112931963,0.009653500339503083,0.012137218080238066,651.0,161.59633640552994,11.219999999999999,2009.0,2024.0,462853.8,4622031.71,Al·luvials de l'alta i mitjana Tordera
Piezòmetre - 34 Sant Feliu De Buixalleu-1,-0.4177003365777789,0.2446791613400781,0.0015945637255769549,38.0,71.22852631578948,3.9000000000000057,2021.0,2024.0,467964.0,4621460.0,Al·luvials de l'alta i mitjana Tordera
Piezòmetre - 34 Sant Feliu De Buixalleu-2,-0.5216180529239113,0.20045453119844506,0.00482299600766752,38.0,69.1314210526316,6.920000000000002,2021.0,2024.0,468271.0,4621119.0,Al·luvials de l'alta i mitjana Tordera
Piezòmetre - 34 Sant Feliu De Buixalleu-3,0.01065937997218029,0.007822765892899139,0.6302552424893682,32.0,66.76515624999999,0.6099999999999994,2021.0,2024.0,466136.0,4619749.0,Al·luvials de l'alta i mitjana Tordera
Piezòmetre - 35 Blanes-1( Nou Iryda  A),-0.3159224544970894,0.23404428583859313,0.004338789988939129,33.0,-2.8096969696969696,1.9999999999999998,2021.0,2024.0,481055.0,4612039.0,Al·luvials de la baixa i delta de la Tordera
Piezòmetre - 35 Blanes-2 ( Nou Iryda B),-0.3858305986736113,0.24775452541300444,0.0032037147161993245,33.0,-2.6921212121212124,2.23,2021.0,2024.0,481054.0,4612040.0,Al·luvials de la baixa i delta de la Tordera
Piezòmetre - 36 Barcelona-1 (Mou 3),0.08070969051630014,0.16019739565941618,0.014103023310344619,37.0,1.854054054054054,0.7599999999999998,2008.0,2011.0,433772.91,4584801.93,Baix Besòs i Pla de Barcelona
Piezòmetre - 36 Barcelona-2 (Mou 4),0.13156942861651558,0.45602219159365015,2.1297903272393837e-08,54.0,1.358148148148148,1.0499999999999998,2008.0,2013.0,433771.41,4584801.13,Baix Besòs i Pla de Barcelona
Piezòmetre - 36 Sant Adrià De Besòs-1 (Mou 1),-0.029793833880783296,0.5533879158453674,8.284221692589848e-13,66.0,2.6181666666666663,1.59,2008.0,2024.0,435005.7,4585966.9,Baix Besòs i Pla de Barcelona
Piezòmetre - 36 Sant Adrià De Besòs-2 (Mou 2),-0.030143279582985932,0.5631227446924632,4.058695491454028e-13,66.0,2.618833333333333,1.59,2008.0,2024.0,435004.0,4585969.0,Baix Besòs i Pla de Barcelona
Piezòmetre - 39 Barcelona-3 (Pz1 Port De Ningbó),0.040516992779059804,0.04312049351988201,0.2242677532934539,36.0,0.6141666666666667,0.86,2021.0,2023.0,429748.6,4575829.5,Vall baixa i Delta del Llobregat
Piezòmetre - 39 Barcelona-4 (Pz2 Port De Ningbó),-0.4272011667245473,0.44670432675794186,8.40197954553381e-06,36.0,0.6163888888888889,2.3,2021.0,2023.0,429821.6,4576040.8,Vall baixa i Delta del Llobregat
Piezòmetre - 39 El Prat De Llobregat-2 (Ms Aca-1),-0.029736153970877147,0.2096853073237881,1.235975235496206e-13,236.0,2.290974576271186,1.6600000000000001,2001.0,2026.0,423854.83,4575583.99,Vall baixa i Delta del Llobregat
Piezòmetre - 39 El Prat De Llobregat-3 (Mp Aca-1),-0.11109899097257903,0.08232072734388844,1.1767376049177955e-05,226.0,-0.24314159292035392,10.43,2009.0,2026.0,423850.83,4575591.39,Vall baixa i Delta del Llobregat
Piezòmetre - 45 Tartareu-2 (Codi Che 321330006),-6.404318954612283,0.08723101339043132,0.3513356276526759,12.0,465.18499999999995,43.10999999999996,2022.0,2024.0,310293.0,4645234.0,Serres marginals catalanes
Piezòmetre - 55 Piezòmetre Ametlla-1 (Superficial),-0.055697432663033196,0.008458671971754896,0.6482093035872329,27.0,0.8014814814814814,1.46,2022.0,2024.0,315738.4,4530047.4,l'Ametlla de Mar- Perelló
Piezòmetre - 55 Piezòmetre Ametlla-2 (Profund),-0.9209055454500115,0.6902133132098616,5.014093379855079e-07,24.0,0.5591666666666667,2.21,2022.0,2024.0,315730.8,4530047.1,l'Ametlla de Mar- Perelló
Piezòmetre - 6 Crespià-1,-0.018242112896052407,0.02075404301987205,0.00010837911452236574,717.0,90.39068340306834,6.050000000000011,2009.0,2026.0,483891.63,4669708.38,Detrític neogen de l'Empordà
Piezòmetre - 6 Fontcoberta-1 (Cementiri),0.15966683235532964,0.12202294662211371,1.9683189787850843e-22,732.0,114.99558743169399,17.459999999999994,2009.0,2026.0,483698.29,4663975.34,Detrític neogen de l'Empordà
Piezòmetre - 6 Ordis-1,1.1411843999566902,0.6635214460435963,6.603085390585875e-178,745.0,38.06365100671141,29.479999999999997,2009.0,2026.0,491762.64,4675049.51,Detrític neogen de l'Empordà
Piezòmetre - 6 Orfes-1,-0.42093105245902845,0.28811249170745556,8.24611098473113e-43,556.0,80.47188848920864,34.01,2010.0,2026.0,488592.14,4669332.81,Detrític neogen de l'Empordà
Piezòmetre - 65 Bescanó-1,-9.376700743647654e-05,1.060020683714477e-06,0.9775733697843181,748.0,118.09455882352943,3.769999999999996,2009.0,2024.0,473755.23,4647087.21,"Al·luvials del Ter Mig, Brugent i Llémena"
Piezòmetre - 65 Cellera De Ter-1,0.0028335423971792948,0.0006378671183897792,0.4892233011669246,752.0,147.237460106383,5.090000000000003,2009.0,2024.0,468991.79,4646642.9,"Al·luvials del Ter Mig, Brugent i Llémena"
Piezòmetre - 65-Girona-1,-0.005437939933991043,0.011819285692951995,0.1313150378322988,194.0,62.2440206185567,2.6000000000000014,2007.0,2024.0,485086.48,4648678.34,"Al·luvials del Ter Mig, Brugent i Llémena"
Piezòmetre - 66 Riudarenes-1,-0.01706402422319629,0.12447010066329352,6.717454550755556e-06,155.0,100.57767741935484,1.2099999999999937,2009.0,2022.0,473934.33,4631864.4,Plioquaternari de la Riera Santa Coloma
Piezòmetre - 68 Pontons-1 (Fm. Orpí),-0.2920497431490904,0.031524236528676634,9.594133274870004e-07,752.0,639.4667819148937,158.38999999999993,2009.0,2026.0,374066.5,4586185.64,Calcàries de l'Alt Foix-Gaià
Piezòmetre - 68 Pontons-2 (M3),-0.8602699947784102,0.013182099748988596,0.001876047598107655,731.0,506.9822161422709,250.60000000000002,2009.0,2026.0,374065.83,4586185.09,Calcàries de l'Alt Foix-Gaià
Piezòmetre - 7 Peratallada-1,-0.5123988990710204,0.4615447758672477,9.032012354539863e-77,558.0,30.48327956989247,14.449999999999996,2010.0,2026.0,507287.1,4647398.77,Paleògens del Baix Ter
Piezòmetre - 7 Sant Joan De Mollet-1,0.1975125058685869,0.0932602427664271,9.233095853412775e-18,755.0,42.8902119205298,24.659999999999997,2009.0,2024.0,495427.74,4653865.33,Paleògens del Baix Ter
Piezòmetre - 7-Vilopriu-1,-0.3217204605960653,0.23236968815050016,6.710474983325894e-45,750.0,25.259226666666663,15.669999999999998,2009.0,2024.0,498360.12,4661177.13,Paleògens del Baix Ter
Piezòmetre - 8 Banyoles-1,-1.29794800322348,0.286599914362788,1.5907048002913318e-16,204.0,203.91078431372551,44.0,2011.0,2024.0,479516.89,4664998.41,Baixa Garrotxa-Pla de l'Estany
Piezòmetre - 8 Besalú-1,-0.015142466503673081,0.029952945903508582,2.476459836146783e-06,732.0,126.56222677595626,3.0400000000000063,2009.0,2026.0,476267.4,4671913.14,Baixa Garrotxa-Pla de l'Estany
Piezòmetre - 8 Fontcoberta-1 (Superficial),-0.42664099826152535,0.0970446580709381,9.293906297461887e-06,195.0,208.25697435897436,23.289999999999992,2008.0,2024.0,480674.2,4666346.5,Baixa Garrotxa-Pla de l'Estany
Piezòmetre - 8 Fontcoberta-2 (Intermedi),-0.3969222989686668,0.10111990601902786,6.232227595651881e-06,194.0,208.17582474226805,23.340000000000003,2008.0,2024.0,480673.6,4666346.7,Baixa Garrotxa-Pla de l'Estany
Piezòmetre - 8 Fontcoberta-3 (Profund),-0.45502126616341704,0.07894088255937645,8.246639936401304e-05,191.0,207.9785863874345,43.0,2008.0,2024.0,480673.4,4666346.5,Baixa Garrotxa-Pla de l'Estany
Piezòmetre - 8 Sant Miquel De Campmajor-1,-0.012832642184778207,0.01890012351582753,0.00016386177374810455,747.0,217.67190093708166,3.3899999999999864,2009.0,2026.0,474002.69,4663871.03,Baixa Garrotxa-Pla de l'Estany
Piezòmetre - 8 Tortellà-1,-0.022653601545798555,0.004917491855960605,0.054422789681490336,753.0,237.22499335989374,7.909999999999997,2009.0,2026.0,469805.55,4675085.97,Baixa Garrotxa-Pla de l'Estany
Piezòmetre - A-1-A,0.0023767897459666424,0.005278558642612285,0.3689737566606375,155.0,0.4098709677419355,1.8399999999999999,2000.0,2025.0,413435.06,4568765.96,Vall baixa i Delta del Llobregat
Piezòmetre - A-1-B,-0.2632606672984685,0.0641697077371713,0.001471304834833737,155.0,22.381661290322583,73.0925,2000.0,2026.0,413438.0,4568766.0,Vall baixa i Delta del Llobregat
Piezòmetre - A-10'-A,-0.011523363979318739,0.2115213709228102,9.442036205989944e-15,255.0,0.7692549019607843,1.29,2000.0,2026.0,428842.0,4575589.0,Vall baixa i Delta del Llobregat
Piezòmetre - A-10'-B,0.012394700309012414,0.12601972148003623,1.335866847510555e-06,176.0,0.5291477272727273,2.08,2000.0,2024.0,428842.0,4575587.0,Vall baixa i Delta del Llobregat
Piezòmetre - A-10'-C,-0.001495756925776169,0.0012254959134074055,0.6200029360491661,203.0,0.35807881773399014,1.9000000000000001,2000.0,2026.0,428841.0,4575584.0,Vall baixa i Delta del Llobregat
Piezòmetre - A-10'-D,0.28158820554838454,0.6007526375126042,2.319380270337588e-305,1522.0,-2.3871879106438896,18.78,2000.0,2026.0,428842.0,4575590.0,Vall baixa i Delta del Llobregat
Piezòmetre - A-11'-A,0.01332642873449478,0.09107219707710995,1.8214765454495653e-06,241.0,0.17286721991701245,3.92,2000.0,2024.0,429570.0,4577007.0,Vall baixa i Delta del Llobregat
Piezòmetre - A-11'-B,-0.007964052200265023,0.02406335834224125,0.05888776732272515,149.0,0.4185234899328859,2.7800000000000002,2000.0,2024.0,429573.0,4577006.0,Vall baixa i Delta del Llobregat
Piezòmetre - A-11'-C,0.027174281516211964,0.10982826192618234,7.468019038073506e-06,175.0,0.25017142857142854,1.49,2000.0,2024.0,429576.0,4577005.0,Vall baixa i Delta del Llobregat
Piezòmetre - A-11'-D,0.05197159655397132,0.21305372033209632,4.04631320553747e-14,241.0,-1.0758921161825727,3.56,2000.0,2024.0,429579.0,4577004.0,Vall baixa i Delta del Llobregat
Piezòmetre - A-3-A (Gavà),-0.004667995822834632,0.013219222964741161,0.15028902684621834,158.0,0.4561392405063291,2.36,2000.0,2025.0,417110.0,4568710.0,Vall baixa i Delta del Llobregat
Piezòmetre - A-3-A (Malgrat de Mar),-0.01184128391664619,0.054574268421720994,0.0570896867171798,67.0,-1.0082089552238809,0.8600000000000001,2000.0,2011.0,480752.0,4610660.0,Al·luvials de la baixa i delta de la Tordera
Piezòmetre - A-3-D,0.0726621067867032,0.2632043017961232,4.7049870728905106e-12,159.0,-0.8440880503144654,3.28,2000.0,2025.0,417087.0,4568711.0,Vall baixa i Delta del Llobregat
Piezòmetre - A-4-A (Gavà),0.08379562656292167,0.7158921277539168,4.995833889273392e-45,160.0,0.8180624999999999,2.3,2000.0,2024.0,419783.77,4569193.71,Vall baixa i Delta del Llobregat
Piezòmetre - A-4-B (Gavà),0.06021466424107056,0.4369800940223715,8.119337793257078e-20,147.0,0.6103401360544217,2.9800000000000004,2000.0,2024.0,419783.77,4569194.71,Vall baixa i Delta del Llobregat
Piezòmetre - A-4-B (Malgrat De Mar),0.1002198627839272,0.40090398873292016,4.250047167082232e-31,265.0,-1.6766264150943397,4.2,2000.0,2024.0,481378.0,4611107.0,Al·luvials de la baixa i delta de la Tordera
Piezòmetre - A-4-C,0.19158572447788527,0.527328166623834,1.1604610924625953e-27,161.0,-1.9375776397515527,6.13,2000.0,2025.0,419786.0,4569192.0,Vall baixa i Delta del Llobregat
Piezòmetre - A-6-A (Blanes),0.0066574281404451156,0.009564145376594209,0.10624729523366645,274.0,-0.6958868613138686,7.01,2000.0,2024.0,482028.0,4612464.0,Al·luvials de la baixa i delta de la Tordera
Piezòmetre - A-6-B (Blanes),0.012468560263843841,0.025376008028748568,0.003365566855974435,337.0,-0.5043353115727003,6.57,2000.0,2024.0,482027.0,4612463.0,Al·luvials de la baixa i delta de la Tordera
Piezòmetre - A-8''-A,-0.40203133234909716,0.7166864078757729,3.873343228082743e-37,131.0,3.7891603053435112,4.92,2008.0,2023.0,427506.0,4573126.0,Vall baixa i Delta del Llobregat
Piezòmetre - A-8''-B,0.11574715192000969,0.1524576672283938,1.5567303244433793e-06,142.0,-2.3359929577464786,10.289,2000.0,2023.0,427507.0,4573127.0,Vall baixa i Delta del Llobregat
Piezòmetre - A-8-3-B,0.376568757343714,0.27955862045489616,9.982898852808465e-06,62.0,-6.301354838709677,4.66,2000.0,2005.0,427744.52,4573903.26,Vall baixa i Delta del Llobregat
Piezòmetre - A-8-3-B-Nou,0.047399316305481526,0.01882816802605696,0.09630767761976718,148.0,-0.9891891891891892,10.120000000000001,2008.0,2023.0,427694.52,4573875.86,Vall baixa i Delta del Llobregat
Piezòmetre - Ab-1 (Castellbisbal),-0.028647880629161116,0.012718727353109737,4.15801277287482e-08,2352.0,45.572070613662135,5.990000000000002,2000.0,2025.0,410166.34,4593607.52,Cubeta d'Abrera
Piezòmetre - Ab-2 (Abrera),0.07019032607229622,0.1408199533771522,1.1802002089984159e-56,1660.0,53.119424883593894,4.859999999999999,2000.0,2025.0,409587.35,4595217.23,Cubeta d'Abrera
Piezòmetre - Aca-Pz7 Cecam,-1.889580284268705,0.7138484497148385,1.0806480532154341e-07,25.0,11.3594,4.92,2022.0,2024.0,417616.0,4583861.0,Vall baixa i Delta del Llobregat
Piezòmetre - Alcover,-0.1572611787841965,0.0513349382904539,9.590997378181563e-18,1399.0,164.70052894924947,22.369999999999976,2000.0,2024.0,348407.73,4569698.54,Baix Camp
Piezòmetre - Anglès Tub P,-0.14395899276098123,0.07847356342734835,0.020682567565152913,68.0,132.63955882352943,5.75,2018.0,2024.0,470744.43,4645534.45,"Al·luvials del Ter Mig, Brugent i Llémena"
Piezòmetre - Anglès Tub S,-0.12979119381905674,0.5528662253521845,3.789878065743343e-13,68.0,134.82735294117649,1.6599999999999966,2018.0,2024.0,470743.43,4645534.45,"Al·luvials del Ter Mig, Brugent i Llémena"
Piezòmetre - Argentona-1,0.04268394057977746,0.004897814175862946,0.39476716208555473,150.0,2.1694666666666667,7.82,2000.0,2015.0,451678.04,4598034.42,Maresme
Piezòmetre - Argentona-2,0.049685349742942114,0.3359863756122082,3.499397847331182e-77,847.0,-0.02883943329397874,5.82,2000.0,2024.0,451778.44,4597499.51,Maresme
Piezòmetre - Aubí S-03,0.35927488751376435,0.501722026738131,1.1202128323402858e-25,160.0,3.604875,9.61,2000.0,2015.0,510654.71,4634269.02,Al·luvials de la Baixa Costa Brava
Piezòmetre - Aubí S-10,0.06809489519293528,0.0774286840918017,1.9886575191696174e-06,283.0,1.7835689045936396,16.48,2000.0,2024.0,510446.01,4634199.03,Al·luvials de la Baixa Costa Brava
Piezòmetre - Aubí S-15,0.11654055068321811,0.10234176922010302,4.408094653114311e-08,280.0,5.560107142857143,14.24,2000.0,2024.0,511008.31,4634851.22,Al·luvials de la Baixa Costa Brava
Piezòmetre - Aubí S-19,0.005816521741115466,0.0004475414410822928,0.7288263529719406,271.0,10.297933579335794,9.23,2000.0,2024.0,511406.0,4635540.0,Al·luvials de la Baixa Costa Brava
Piezòmetre - Ave-1 Cornellà,-0.22080995660656333,0.04347852338577684,5.001310680496511e-08,671.0,-3.7769162940983607,12.989999999999998,2008.0,2024.0,421824.0,4577754.0,Vall baixa i Delta del Llobregat
Piezòmetre - Ave-P,-0.685977940078881,0.03801682215786019,0.5656157837907144,11.0,11.35,3.0700000000000003,2023.0,2024.0,416955.0,4585694.0,Vall baixa i Delta del Llobregat
Piezòmetre - Azahar,0.11235302661758645,0.19845738821990985,4.002124876401394e-09,159.0,1.7788050314465407,9.57,2000.0,2022.0,325810.06,4544132.31,Baix Camp
Piezòmetre - B-1-B,0.06326860860614446,0.3458882419988407,5.943214646631466e-15,146.0,0.480958904109589,2.59,2000.0,2025.0,414387.0,4569707.0,Vall baixa i Delta del Llobregat
Piezòmetre - B-1-C,0.009969405848283961,0.004171256457590304,0.5642986660478251,82.0,0.23682926829268292,1.63,2000.0,2006.0,414384.0,4569710.0,Vall baixa i Delta del Llobregat
Piezòmetre - B-2-A (Malgrat De Mar),0.0012778483682836497,0.00014461067199215275,0.6735111090494204,1230.0,-0.5643485965934959,2.09,2000.0,2024.0,480458.0,4610953.0,Al·luvials de la baixa i delta de la Tordera
Piezòmetre - B-2-B (Malgrat De Mar),0.07425158261092701,0.409117543645375,6.131229016648061e-40,335.0,-0.13394626865671638,4.422000000000001,2000.0,2024.0,480458.0,4610954.0,Al·luvials de la baixa i delta de la Tordera
Piezòmetre - B-3-A (Gavà),0.0002812300337753234,0.0002889776167378146,0.7801762631063504,272.0,0.559264705882353,1.23,2000.0,2025.0,417895.0,4570260.0,Vall baixa i Delta del Llobregat
Piezòmetre - B-3-B (Gavà),0.1367720219969067,0.1713304522781149,2.6274251145860726e-13,287.0,-0.8535888501742159,35.589999999999996,2000.0,2025.0,417894.0,4570250.0,Vall baixa i Delta del Llobregat
Piezòmetre - B-3-C (Gavà),0.07985592249185354,0.2621802978326642,3.773320000566985e-13,176.0,-2.421136363636364,5.21,2000.0,2025.0,417894.78,4570252.73,Vall baixa i Delta del Llobregat
Piezòmetre - B-4-A,-0.016840382370363314,0.12608896968629765,3.078019447647368e-06,164.0,0.4586585365853659,1.54,2000.0,2025.0,421045.0,4570659.0,Vall baixa i Delta del Llobregat
Piezòmetre - B-4-B (Viladecans),0.27576587995187657,0.5131189719239426,1.1873795854848071e-37,231.0,-2.511731601731602,8.27,2000.0,2025.0,421044.0,4570662.0,Vall baixa i Delta del Llobregat
Piezòmetre - B-6'-A (El Prat De Llobregat),-0.029729129666646266,0.05928985543471187,0.00018613093817890374,231.0,0.7033333333333335,8.67,2000.0,2024.0,425237.0,4573714.0,Vall baixa i Delta del Llobregat
Piezòmetre - B-6'-B (El Prat De Llobregat),0.3236240373413515,0.443543962435929,6.678963585903412e-33,246.0,-3.1527642276422765,11.09,2000.0,2026.0,425241.62,4573714.58,Vall baixa i Delta del Llobregat
Piezòmetre - B-6'-C,0.29531544639085816,0.4915619319842827,8.759184264488394e-36,233.0,-3.6383690987124457,12.919999999999998,2000.0,2024.0,425244.0,4573718.0,Vall baixa i Delta del Llobregat
Piezòmetre - B-6'-D,0.5589935003700102,0.6723934015948336,2.2697457947463834e-40,161.0,-4.106459627329192,11.26,2000.0,2017.0,425249.0,4573721.0,Vall baixa i Delta del Llobregat
Piezòmetre - B-7-1-A,0.03574721393291691,0.526641379704066,3.677622885415977e-42,250.0,0.600764,1.94,2000.0,2024.0,427864.0,4576055.0,Vall baixa i Delta del Llobregat
Piezòmetre - B-7-1-B,0.05462748204308235,0.3706099221639373,8.158216838380036e-05,36.0,0.731111111111111,0.9099999999999999,2008.0,2021.0,427865.94,4576050.56,Vall baixa i Delta del Llobregat
Piezòmetre - B-7-1-C,0.073879500128604,0.7295076660658949,1.153347779598585e-68,237.0,0.49075949367088606,2.56,2000.0,2024.0,427864.0,4576056.0,Vall baixa i Delta del Llobregat
Piezòmetre - B-7-2-A,0.06017548034632483,0.4247807899730145,5.152228302592645e-31,245.0,0.18771428571428572,3.26,2000.0,2024.0,428298.0,4577097.0,Vall baixa i Delta del Llobregat
Piezòmetre - B-7-2-B,0.052870583690770835,0.2144672069521702,1.5223559929619425e-11,191.0,0.13916230366492147,3.8600000000000003,2000.0,2024.0,428299.0,4577097.0,Vall baixa i Delta del Llobregat
Piezòmetre - B-7-A,0.0317930943637701,0.046112607770444604,0.0059108606156532155,163.0,0.20374233128834357,8.41,2000.0,2024.0,427013.0,4574692.0,Vall baixa i Delta del Llobregat
Piezòmetre - B-7-B (Prat De Llobregat),0.32814183727498614,0.5222152638306528,1.972495059695331e-43,261.0,-3.040229885057471,10.84,2000.0,2026.0,427034.73,4574688.87,Vall baixa i Delta del Llobregat
Piezòmetre - B-8'-A (Barcelona),0.08466195601310951,0.2704857827190006,1.2873653018493455e-17,234.0,-0.4405982905982907,6.45,2000.0,2023.0,428492.0,4577686.0,Vall baixa i Delta del Llobregat
Piezòmetre - B-8'-C,0.07190214721283457,0.02238276188686863,0.043239194231846904,183.0,-1.5649590163934428,33.11000000000001,2000.0,2024.0,428465.0,4577684.0,Vall baixa i Delta del Llobregat
Piezòmetre - Banyeres S-1,0.02645680598482508,0.019275875533407965,3.599181814589448e-08,1562.0,96.97031306017925,6.640000000000001,2000.0,2024.0,378726.97,4568692.91,Sorres de Santa Oliva
Piezòmetre - Banyeres S-2,0.19465379732727695,0.31766636358433964,8.784299472266389e-14,148.0,103.45945945945945,6.090000000000003,2000.0,2015.0,379846.13,4569717.09,Sorres de Santa Oliva
Piezòmetre - Bastareny (Gisclareny),-0.014589443965728458,0.005328381638140486,0.24266500056393428,258.0,938.3985658914728,13.110000000000014,2000.0,2024.0,401042.59,4680293.03,Conca alta de Cardener i Llobregat
Piezòmetre - Bràfim,-0.03985950412991038,0.04479340720720378,0.00047453244168417475,269.0,232.250624535316,7.72999999999999,2000.0,2022.0,359041.0,4568765.0,Alt Camp
Piezòmetre - Bsv-1,-4.082625758792066,0.611511188147241,0.004458371378545502,11.0,2.4445454545454544,4.05,2023.0,2024.0,418442.9,4581959.7,Vall baixa i Delta del Llobregat
Piezòmetre - Bsv-10,-4.958099659952917,0.9328784801368547,1.3993982892840787e-06,11.0,2.21,3.5100000000000002,2023.0,2024.0,418591.9,4581572.7,Vall baixa i Delta del Llobregat
Piezòmetre - C-1-A,0.03297289452267775,0.12382705899512689,4.099797088383614e-06,163.0,-0.21417177914110433,2.76,2000.0,2025.0,416321.0,4571430.0,Vall baixa i Delta del Llobregat
Piezòmetre - C-1-B,0.06226819898611635,0.21393826515028522,3.2510301623844453e-09,148.0,-0.3034459459459459,2.74,2000.0,2025.0,416318.0,4571434.0,Vall baixa i Delta del Llobregat
Piezòmetre - C-1-C,0.027928610337050862,0.09906327636406238,4.519707384580538e-05,162.0,-0.477283950617284,2.45,2000.0,2025.0,416315.0,4571438.0,Vall baixa i Delta del Llobregat
Piezòmetre - C-2,0.006943414192695184,0.005799610493793765,0.266241468335478,215.0,166.13767441860463,4.650000000000006,2000.0,2024.0,336119.19,4560266.3,Baix Camp
Piezòmetre - C-2-A (Viladecans),-0.002388097157517364,0.0013498431590542829,0.5843887331208388,224.0,0.7787053571428572,5.6899999999999995,2000.0,2019.0,420058.0,4572709.0,Vall baixa i Delta del Llobregat
Piezòmetre - C-3-A (El Prat De Llobregat),-0.03279204903054907,0.36096557754861536,2.7192790486645627e-27,264.0,0.7730681818181818,4.0600000000000005,2000.0,2026.0,421596.0,4573211.0,Vall baixa i Delta del Llobregat
Piezòmetre - C-5''-A  (El Prat De Llobregat),0.007269914779243333,0.0025023640406351255,0.6140553661508414,104.0,1.245,3.88,2000.0,2008.0,423900.0,4575785.0,Vall baixa i Delta del Llobregat
Piezòmetre - C-5''-B (El Prat De Llobregat),0.5432935471433126,0.36223898622816814,5.664757686400502e-13,118.0,-5.695000000000001,13.02,2000.0,2011.0,423903.0,4575786.0,Vall baixa i Delta del Llobregat
Piezòmetre - C-6-1-A,-0.025025161473620265,0.33089556857540803,5.240477594008598e-16,166.0,0.4742168674698795,2.14,2000.0,2025.0,425329.0,4575114.0,Vall baixa i Delta del Llobregat
Piezòmetre - C-6-1-B,0.21928673931321271,0.14612497269184935,3.7297823453952345e-07,166.0,-5.0121686746987955,32.7,2000.0,2025.0,425327.0,4575111.0,Vall baixa i Delta del Llobregat
Piezòmetre - C-7'-A (Barcelona),0.007530093398823945,0.05778685897904633,4.6700752054284275e-05,281.0,0.24437722419928826,1.5899999999999999,2000.0,2026.0,427188.94,4576386.17,Vall baixa i Delta del Llobregat
Piezòmetre - C-7'-B,0.005129693585525809,0.015363827298689467,0.10121240468426251,176.0,0.015738636363636368,1.9300000000000002,2000.0,2024.0,427182.84,4576383.67,Vall baixa i Delta del Llobregat
Piezòmetre - C-7'-C (Barcelona),0.2777309043806712,0.656292264606128,3.869985433205764e-234,1002.0,-0.3769560695918163,7.880000095000001,2000.0,2026.0,427187.0,4576385.0,Vall baixa i Delta del Llobregat
Piezòmetre - C-7'-D,0.210653112560627,0.5133879680665662,8.189060932039743e-44,270.0,-2.3247037037037037,8.11,2000.0,2024.0,427179.0,4576383.0,Vall baixa i Delta del Llobregat
Piezòmetre - Calafell 3 Bis,0.00035852625476476084,5.106013365827139e-05,0.9241542964250231,180.0,1.6407722222222223,2.92,2000.0,2024.0,381456.87,4562908.81,Garraf
Piezòmetre - Calafell-1,0.002442532008596416,0.0012513265939575512,0.6111101015446889,209.0,1.2480382775119618,6.89,2000.0,2024.0,380710.06,4561448.55,Garraf
Piezòmetre - Calafell-2,0.08722752618945387,0.1001532629255228,0.034176866204755144,45.0,-0.32377777777777783,1.96,2000.0,2005.0,380537.36,4561915.4,Garraf
Piezòmetre - Can Gramunt,-0.04743552277910685,0.0024093793719228507,0.6654619914489734,80.0,329.050875,21.79000000000002,2000.0,2020.0,388188.41,4597763.6,Carme-Capellades
Piezòmetre - Carme-Cementiri,-0.0732932644310547,0.007713734817676133,2.0998541302788418e-10,5216.0,324.43384121856775,39.94999999999999,2000.0,2026.0,385700.78,4598384.19,Carme-Capellades
Piezòmetre - Castellar De N'Hug-1,-0.03141921617968535,0.006342075643308501,0.1928709475508591,269.0,1280.7857620817845,34.75999999999999,2000.0,2024.0,418658.0,4681584.0,Conca alta de Cardener i Llobregat
Piezòmetre - Castellar De N'Hug-2,-0.013886621789967083,0.0014333017140432736,0.5402492328234603,264.0,1285.317840909091,12.569999999999936,2000.0,2024.0,418670.1,4681676.4,Conca alta de Cardener i Llobregat
Piezòmetre - Castellvell S-6,-0.005015279457829217,0.0022366559777218836,0.506045237179282,200.0,200.43839999999997,11.680000000000007,2000.0,2023.0,340353.08,4560428.78,Llaberia - Prades meridional
Piezòmetre - Castellví,-0.8984850249835571,0.1830566113628993,2.4371034058393398e-11,223.0,103.87730941704035,135.31,2000.0,2025.0,381627.36,4577111.76,Bloc del Gaià-Bonastre
Piezòmetre - Catllar,-0.09846107093087827,0.026606894281179735,0.006134287823510801,281.0,9.022160142348755,72.77,2000.0,2024.0,358621.72,4558513.95,Baix Gaià
Piezòmetre - Cercs-1,-0.14320583837765916,0.12331314073161433,1.0727574577292996e-08,251.0,654.2465737051793,15.600000000000023,2000.0,2024.0,405764.7,4666573.7,Conca alta de Cardener i Llobregat
Piezòmetre - Cercs-2,-0.0023164148372507086,0.0011771621136004063,0.5710275566809819,275.0,668.4223272727273,6.0,2000.0,2024.0,405659.4,4666541.1,Conca alta de Cardener i Llobregat
Piezòmetre - Cortal De La Vila,0.01502047460187743,0.08416621992530668,1.4072349079513724e-05,217.0,-1.0708294930875577,3.49,2000.0,2026.0,508935.97,4668721.79,Fluviodeltaic del Fluvià - Muga
Piezòmetre - D-2-B,0.21286585559441706,0.10515911061962956,0.0035503693076862418,79.0,-5.863924050632912,6.129999999999999,2000.0,2006.0,421365.0,4576471.0,Vall baixa i Delta del Llobregat
Piezòmetre - D-3-A (Sant Boi De Llobregat),0.16378735650866694,0.46250641661632375,1.7040604044749902e-39,281.0,0.5673665480427047,7.109999999999999,2000.0,2024.0,421039.0,4575109.0,Vall baixa i Delta del Llobregat
Piezòmetre - D-3-B (Sant Boi De Llobregat),0.3187001933295389,0.42435421741314433,1.922162339344329e-35,282.0,-2.372198581560284,12.829999999999998,2000.0,2025.0,421036.0,4575096.0,Vall baixa i Delta del Llobregat
Piezòmetre - D-3-C,0.3288766191750369,0.3612240198131225,1.3625105069659278e-16,155.0,-4.226774193548387,13.030000000000001,2000.0,2024.0,421035.0,4575100.0,Vall baixa i Delta del Llobregat
Piezòmetre - D-4-B (El Prat De Llobregat),0.7549323639067917,0.5614726772732372,0.0,2357.0,-3.0533269693112715,11.174999999999999,2000.0,2017.0,423016.0,4575866.0,Vall baixa i Delta del Llobregat
Piezòmetre - D-5-A (L'Hospitalet De Llobregat),0.03373335028595091,0.2866784435735315,5.971712896052472e-22,277.0,-0.4905054151624549,2.31,2000.0,2026.0,424404.0,4577467.0,Vall baixa i Delta del Llobregat
Piezòmetre - D-5-B (L'Hospitalet De Llobregat),0.30627289989101364,0.4817669162735944,2.7699861624598155e-41,278.0,-2.710503597122302,10.71,2000.0,2026.0,424402.0,4577469.0,Vall baixa i Delta del Llobregat
Piezòmetre - Daró S-1-C,0.011706634887866446,0.0017352227790243557,0.5416285687389857,217.0,-3.974193548387097,12.76,2000.0,2026.0,508926.75,4653482.07,Fluviodeltaic del Baix Ter
Piezòmetre - Daró S-2-C,0.004690046999348273,6.17281011406499e-05,0.9441502828501416,82.0,-4.169878048780487,10.399999999999999,2010.0,2026.0,508888.05,4653458.17,Fluviodeltaic del Baix Ter
Piezòmetre - Daró S-3-C,0.0030758663805035592,9.88852811945896e-05,0.8672581566747477,285.0,-3.6161754385964917,12.52,2000.0,2024.0,508845.05,4653434.97,Fluviodeltaic del Baix Ter
Piezòmetre - Desviament-2,0.03648822070839781,0.1509152307686594,6.405834628360734e-07,154.0,0.6577272727272728,3.4299999999999997,2000.0,2024.0,427035.0,4573815.0,Vall baixa i Delta del Llobregat
Piezòmetre - Desviament-3,-0.023101690085379264,0.1159748291246521,1.3612761779463377e-05,156.0,0.5421153846153846,4.42,2000.0,2024.0,425918.0,4573611.0,Vall baixa i Delta del Llobregat
Piezòmetre - Desviament-4,0.015371882214951033,0.03120189783311026,0.03418384910819995,144.0,0.6897222222222221,1.8599999999999999,2000.0,2016.0,426035.0,4573469.0,Vall baixa i Delta del Llobregat
Piezòmetre - Desviament-5,-0.005835468633800494,0.013340467234216922,0.1523930936327392,155.0,0.9634838709677419,1.81,2000.0,2024.0,425954.0,4573218.0,Vall baixa i Delta del Llobregat
Piezòmetre - Desviament-6,-0.0042946965498344624,0.010756141247297946,0.21607448142536811,144.0,0.7941666666666667,0.77,2000.0,2019.0,425949.0,4572965.0,Vall baixa i Delta del Llobregat
Piezòmetre - Desviament-7,-0.007243218303115197,0.043603339338892155,0.008896246231388934,156.0,0.6448076923076922,1.1300000000000001,2000.0,2025.0,425636.0,4573021.0,Vall baixa i Delta del Llobregat
Piezòmetre - E-1-A,0.4615271227176943,0.07119746769339429,4.3240657246916795e-12,652.0,10.17687116564417,14.98,2000.0,2006.0,478322.0,4615731.0,Al·luvials de la baixa i delta de la Tordera
Piezòmetre - E-2-4-B (Sant Joan Despí),0.38462798226614847,0.48880669313093533,1.2680349391586529e-51,343.0,-1.191078717201166,15.24,2000.0,2024.0,420410.84,4578080.72,Vall baixa i Delta del Llobregat
Piezòmetre - Em-2,-0.05281102265872283,0.00826288490880475,0.25297116413012855,160.0,0.842375,38.629999999999995,2000.0,2022.0,331045.02,4545613.37,Baix Camp
Piezòmetre - Em-3,-0.011194557082395733,0.07593005179442583,1.6146175307997168e-05,238.0,1.054310924369748,3.8600000000000003,2000.0,2024.0,330997.82,4545704.05,Baix Camp
Piezòmetre - Enpetrol,0.6641315033859775,0.7470733145205087,9.406056573326255e-232,771.0,27.56946433203632,28.211999999999996,2000.0,2024.0,351415.63,4559325.12,Baix Francolí
Piezòmetre - F-1 (Santa Coloma De Cervelló),0.2869338098694745,0.39760785813410343,2.009275987481035e-39,343.0,1.8574344023323617,15.77,2000.0,2024.0,419132.25,4579978.94,Vall baixa i Delta del Llobregat
Piezòmetre - F-1 (Tordera),-0.01926042508225151,0.06920844339429612,3.8135244738282395e-05,239.0,16.186878661087864,6.690000000000001,2000.0,2023.0,477434.0,4616572.0,Al·luvials de la baixa i delta de la Tordera
Piezòmetre - F-4 (Sant Joan Despí),0.2891033716263462,0.4238424404735972,2.8230049172908426e-51,414.0,2.2009420289855073,12.71,2000.0,2024.0,419844.0,4580475.0,Vall baixa i Delta del Llobregat
Piezòmetre - F-5 (Sant Joan Despí),0.313511223764114,0.4375262594137795,5.124948248145775e-171,1353.0,-0.1833739837398375,18.54,2000.0,2024.0,420194.0,4580672.0,Vall baixa i Delta del Llobregat
Piezòmetre - Fluvià S-15,0.009333593194030779,0.03597196340878107,0.002006625406661999,263.0,25.853954372623576,3.34,2000.0,2025.0,496563.04,4667649.48,Detrític neogen de l'Empordà
Piezòmetre - Fluvià S-4,-0.020701262200195143,0.04560851563332541,0.00032726814589818483,279.0,6.739569892473119,4.14,2000.0,2025.0,501693.95,4668308.55,Fluviodeltaic del Fluvià - Muga
Piezòmetre - Fluvià S-7,0.0024753394723555583,0.0025693881542705704,0.3989955039667076,279.0,-0.9720430107526882,1.89,2000.0,2026.0,508968.38,4670756.89,Fluviodeltaic del Fluvià - Muga
Piezòmetre - Fluvià S-9,-0.002249793560679777,0.0007564938657747722,0.7274522416932723,163.0,8.323865030674847,5.130000000000001,2000.0,2020.0,501177.95,4668075.35,Fluviodeltaic del Fluvià - Muga
Piezòmetre - G-1 (Tordera),-0.0014524518175341665,0.0001776752762809504,0.5991890236714943,1557.0,21.600963872832374,4.194499999999998,2000.0,2026.0,476760.0,4617376.0,Al·luvials de la baixa i delta de la Tordera
Piezòmetre - G-9,0.31872178493921016,0.37254121215847785,9.358209813926534e-16,141.0,5.4977304964539,6.26,2000.0,2012.0,419444.0,4583109.0,Vall baixa i Delta del Llobregat
Piezòmetre - Gavà-A (C-0-A),0.012907629815243503,0.003182296929194513,0.5189621425329547,133.0,-0.002406015037593987,7.27,2001.0,2021.0,415310.78,4570972.75,Vall baixa i Delta del Llobregat
Piezòmetre - Gavà-B (C-0-B),0.03425298394246765,0.1702248101097669,5.3544021985621495e-09,185.0,0.2053513513513514,3.09,2001.0,2025.0,415306.78,4570977.75,Vall baixa i Delta del Llobregat
Piezòmetre - Gavà-C (C-0-C),0.0256420137737489,0.06927317195109733,0.0010941760905366683,151.0,0.08900662251655628,2.77,2001.0,2025.0,415310.78,4570967.75,Vall baixa i Delta del Llobregat
Piezòmetre - Gavà-D (Castelldefels) C-0-D,0.0402910822309914,0.18868799915442155,5.4394062180802606e-14,273.0,0.4237728937728938,5.67,2001.0,2025.0,415304.78,4570975.75,Vall baixa i Delta del Llobregat
Piezòmetre - Gc-1-B,0.1057632502355475,0.6842074896366931,1.1135698257726761e-47,185.0,-0.4557837837837838,8.23,2000.0,2024.0,426516.0,4572025.0,Vall baixa i Delta del Llobregat
Piezòmetre - Gc-1-D,0.2348340589521235,0.35193704134605003,5.696932564418123e-19,185.0,-3.8330270270270272,9.870000000000001,2000.0,2024.0,426511.0,4572022.0,Vall baixa i Delta del Llobregat
Piezòmetre - H-1 (Tordera),0.020141860288730204,0.02472057586380291,0.059834301016090774,144.0,28.782937500000003,3.6899999999999977,2000.0,2024.0,475619.0,4619294.0,Al·luvials de la baixa i delta de la Tordera
Piezòmetre - I-1 (Maçanet De La Selva),-0.020604686867161777,0.03820369513629967,1.3433405824303664e-13,1409.0,35.964643896380416,7.902499999999996,2000.0,2024.0,474478.0,4621197.0,Al·luvials de l'alta i mitjana Tordera
Piezòmetre - Iryda-A,-0.014244703470691893,0.0023785667409029943,0.08403485408359389,1256.0,0.11535762977481423,5.04,2000.0,2018.0,481158.0,4611842.0,Al·luvials de la baixa i delta de la Tordera
Piezòmetre - Iryda-Banyoles,-0.061281871239662104,0.027959899627904957,0.0703241272719447,118.0,172.02474576271186,9.5,2000.0,2011.0,479760.79,4665036.01,Baixa Garrotxa-Pla de l'Estany
Piezòmetre - L-1 (Castellbisbal),-0.003378830337733249,0.00029653034905483704,0.5260548187156153,1358.0,31.222326951399115,8.21,2000.0,2025.0,413747.53,4591299.79,Cubeta de Sant Andreu
Piezòmetre - La Llacuna,0.022291496248907715,9.096408937910417e-05,0.9230736811731393,105.0,512.888,32.620000000000005,2000.0,2025.0,377194.47,4592715.8,Carme-Capellades
Piezòmetre - La Pletera,-0.029897396984047583,0.1430576673419724,0.0010535528620766131,72.0,1.0719444444444446,1.2,2012.0,2026.0,515970.0,4652559.0,Fluviodeltaic del Baix Ter
Piezòmetre - Les Comes,-2.3719661326239887,0.34499106853351924,0.016741624652844893,16.0,325.308625,83.79000000000002,2003.0,2020.0,386223.35,4598209.69,Carme-Capellades
Piezòmetre - Ll-1 (Martorelles),-0.00784804437093509,0.0429108861751287,0.000349422547932254,294.0,56.579874149659865,2.509999999999998,2000.0,2024.0,435966.02,4599108.64,Al·luvials del Vallès
Piezòmetre - Ll-2,0.07901450080541765,0.09072081756492131,2.08059334951269e-12,522.0,45.24823754789272,2.019999999999996,2000.0,2005.0,434612.61,4597146.44,Al·luvials del Vallès
Piezòmetre - M-1 (Castellbisbal),0.05167227717238657,0.06209284650297427,1.9784884654735724e-09,564.0,31.08765660595315,8.499999999999996,2000.0,2024.0,413270.73,4591879.8,Cubeta de Sant Andreu
Piezòmetre - Mataró-3,-0.021252667346745756,0.006853273819966788,0.1750017452781332,270.0,-0.38607777777777785,26.89,2000.0,2024.0,451793.53,4596925.01,Maresme
Piezòmetre - Miami S-1,-0.011378518608768474,0.12793561886880556,7.154742516654027e-07,182.0,1.6146153846153848,1.56,2000.0,2024.0,326133.3,4543055.83,Baix Camp
Piezòmetre - Mo-1 (Montcada I Reixac),0.022961845540968393,0.1459650960727896,7.395328482414618e-42,1167.0,28.081369323050556,4.73,2000.0,2024.0,432585.98,4593680.65,Al·luvials del Vallès
Piezòmetre - Mont-Roig 2,-0.28982608091580025,0.5544533573467707,6.670162035468371e-48,264.0,15.135030303030302,27.87,2000.0,2022.0,330436.17,4549384.83,Baix Camp
Piezòmetre - Montornes-1,-0.006991062275574468,0.023254367898107246,0.010895526360166153,278.0,77.07158633093528,4.260000000000005,2000.0,2024.0,439221.7,4600391.9,Al·luvials del Vallès
Piezòmetre - Mr (Martorell),0.02236911193520022,0.13947598067195174,1.0721077787246379e-10,280.0,47.758892857142854,4.529999999999994,2000.0,2025.0,410311.93,4591926.42,Detrític neogen del Penedès
Piezòmetre - Muga S-1,-0.024794684813567617,0.0074721333214777825,0.13328567110374592,303.0,-0.38495443829372933,13.812133332999998,2000.0,2025.0,507118.41,4674878.51,Fluviodeltaic del Fluvià - Muga
Piezòmetre - Muga S-1-A,-0.006566540450198966,0.005475007390787032,0.3235631742200097,180.0,-0.8242222222222223,5.180000000000001,2000.0,2026.0,507113.91,4674882.11,Fluviodeltaic del Fluvià - Muga
Piezòmetre - Muga S-2-A,0.0020916794789659536,0.0003183107081564367,0.8157749822492839,173.0,-1.2476300578034683,4.79,2000.0,2022.0,506986.01,4674870.72,Fluviodeltaic del Fluvià - Muga
Piezòmetre - Muga S-2-B,0.04688086585430121,0.07504299828636438,0.0022638234787366062,122.0,-0.9840983606557376,5.3,2000.0,2026.0,506987.91,4674864.62,Fluviodeltaic del Fluvià - Muga
Piezòmetre - Muga S-38,-0.019591243373761415,0.03511806880845041,0.012251378782603885,178.0,-0.4441011235955056,4.5,2000.0,2026.0,507116.51,4674880.81,Fluviodeltaic del Fluvià - Muga
Piezòmetre - Muga S-4,0.030608247927609685,0.13039881903006426,5.07970290941223e-05,120.0,-1.3245,1.6,2000.0,2012.0,507226.16,4674433.9,Fluviodeltaic del Fluvià - Muga
Piezòmetre - Muga S-6,0.014707918257939193,0.009795308176545427,0.2552301304941278,134.0,-0.8406716417910447,4.4,2000.0,2026.0,507291.2,4673938.2,Fluviodeltaic del Fluvià - Muga
Piezòmetre - Muga S-8,-0.004269099815514001,0.0016633028539860364,0.5126481825995194,260.0,-1.4852307692307691,11.139999999999999,2000.0,2026.0,507293.5,4673936.3,Fluviodeltaic del Fluvià - Muga
Piezòmetre - Noguera Cremada,-0.22457217755068598,0.007370855527446926,0.45783708817172086,77.0,129.37454545454545,39.510000000000005,2000.0,2007.0,378444.05,4574798.74,Bloc del Gaià-Bonastre
Piezòmetre - Olivella,0.5201436713546389,0.07998662684740802,0.023549163556244767,64.0,81.12312499999999,16.650000000000006,2000.0,2005.0,397941.0,4572568.0,Garraf
Piezòmetre - Orpí,-0.12747954061790792,0.076936331962939,4.750769804685218e-06,264.0,337.4364772727272,42.72000000000003,2000.0,2026.0,383404.44,4598340.78,Carme-Capellades
Piezòmetre - P-1-A (Argentona),0.13034209540192176,0.10969990272666552,9.812091616523272e-08,247.0,54.46755465587045,14.800000000000004,2000.0,2024.0,450106.16,4601174.73,Maresme
Piezòmetre - P-10,0.054790136151004795,0.006487628293619848,0.0036082140383970926,1304.0,82.60444785276074,21.47,2000.0,2024.0,376350.49,4567831.22,Sorres de Santa Oliva
Piezòmetre - P-13-Ext (Sant Joan Despí),0.33111037416175676,0.4027043721870932,4.690021183825487e-40,343.0,-1.0427405247813413,14.54,2000.0,2024.0,420651.0,4578226.0,Vall baixa i Delta del Llobregat
Piezòmetre - P-19,0.2910641700905199,0.25735014789338323,1.6259539610264445e-82,1247.0,92.3764073777065,17.179999999999993,2000.0,2024.0,379170.71,4569101.02,Sorres de Santa Oliva
Piezòmetre - Palafolls S-7,0.0495109922724359,0.013185345922056628,0.04439027422852471,307.0,5.274032573289903,14.89,2000.0,2024.0,479692.0,4614228.0,Al·luvials de la baixa i delta de la Tordera
Piezòmetre - Palafrugell S-1,0.08602416937976042,0.025974069256620075,0.006783481122766151,281.0,8.325836298932384,14.409999999999998,2000.0,2026.0,512080.09,4645094.43,Fluviodeltaic del Baix Ter
Piezòmetre - Palau-1,1.0481477386760663,0.3354156726193718,6.552583853001037e-22,229.0,79.13368558951966,74.48,2000.0,2024.0,431062.04,4601613.68,Detrític neogen del Vallès
Piezòmetre - Palau-2,1.110635541834079,0.3391589351265526,2.7845197911828883e-22,230.0,79.1742956521739,76.873,2000.0,2024.0,431066.04,4601618.68,Detrític neogen del Vallès
Piezòmetre - Palau-Solità S-7,0.09927630944478134,0.38458999787815207,1.7795948037626101e-78,727.0,96.49330123796425,2.0,2000.0,2011.0,431294.04,4601906.68,Al·luvials del Vallès
Piezòmetre - Peralada (S-1),-0.039257794483607396,0.04329663813450092,0.012959305784138599,142.0,18.0193661971831,5.540000000000001,2000.0,2023.0,500648.41,4685230.78,Detrític neogen de l'Empordà
Piezòmetre - Peralada S-12,-0.025646865312727918,0.05146859251107101,7.960311601238068e-06,380.0,15.891425961544737,4.3199999999999985,2000.0,2025.0,500014.94,4684405.63,Fluviodeltaic del Fluvià - Muga
Piezòmetre - Peralada S-13,-0.03134743330606183,0.030201999510402693,0.0008140103874625595,368.0,25.640068505826083,20.06,2000.0,2026.0,496953.08,4685849.51,Fluviodeltaic del Fluvià - Muga
Piezòmetre - Piezometre Barrera Bh-Pp1 (Mp-47),0.0359523926804482,0.0015081446963354304,0.42237061763332406,429.0,1.308306368642337,4.7459999999999996,2009.0,2026.0,426482.62,4573922.57,Vall baixa i Delta del Llobregat
Piezòmetre - Piezometre Onyar-3,0.007731221640268187,0.0019250507618273453,0.6242769818318608,127.0,65.24748031496064,3.9099999999999966,2012.0,2024.0,485413.47,4647275.34,Plioquaternari de l'Onyar
Piezòmetre - Piezometre Salt (Parking Hospital),-0.15680102473481308,0.18876970896650414,1.4010002792767023e-07,135.0,71.45525925925926,8.510000000000005,2012.0,2024.0,483297.0,4646191.0,Plioquaternari de l'Onyar
Piezòmetre - Piezometre Ter  (Nescafé),-0.06807318016609364,0.13253819919827936,9.793693501873706e-06,140.0,59.303928571428564,3.539999999999999,2012.0,2024.0,483221.47,4648212.35,Baixa Garrotxa-Pla de l'Estany
Piezòmetre - Piezometre Ullal Del Cachorro (Benifallet),0.0034072527196273906,0.00026785502689143033,0.7908692600419847,265.0,16.18109433962264,9.489999999999998,2000.0,2024.0,292113.0,4539250.0,Fossa de Móra
Piezòmetre - Piezòmetre 1 Can Malet,0.4324303824611177,0.6436623386754952,3.26623090024393e-290,1287.0,-4.0365462315462315,11.62,2000.0,2025.0,425523.0,4573224.0,Vall baixa i Delta del Llobregat
Piezòmetre - Piezòmetre 10 Calldetenes 1,0.9444097174754362,0.03295204285870059,0.02887834717301141,145.0,470.5844827586207,236.39999999999998,2010.0,2024.0,440603.56,4642158.4,Plana de Vic - Collsacabra
Piezòmetre - Piezòmetre 10 Manlleu-1 (Margues),0.6996172118830932,0.022461976211714235,0.06716587836022579,150.0,446.2846666666666,223.98,2010.0,2024.0,438768.94,4649592.42,Plana de Vic - Collsacabra
Piezòmetre - Piezòmetre 10 Manlleu-2 (Al·Luvial),0.7003026337210791,0.022513835364923556,0.06592981552238789,151.0,446.33509933774826,223.79999999999998,2010.0,2024.0,438768.41,4649589.22,Plana de Vic - Collsacabra
Piezòmetre - Piezòmetre 10 Masies De Roda-1,0.2737052828349603,0.004131136781883066,0.4424536644582985,145.0,412.90937931034483,200.36,2010.0,2024.0,444060.44,4648022.1,Plana de Vic - Collsacabra
Piezòmetre - Piezòmetre 10 Masies De Roda-2 (Pantà),-0.10827138418214369,0.0005704410440196409,0.774762789788387,146.0,411.675,207.39999999999998,2010.0,2024.0,444768.0,4647158.0,Plana de Vic - Collsacabra
Piezòmetre - Piezòmetre 10 Sant Julià De Vilatorta-1 (Vilalleons),0.9338268895088837,0.018741912785717626,0.10059413922405651,145.0,615.726896551724,307.3999999999999,2010.0,2024.0,443398.05,4637980.78,Plana de Vic - Collsacabra
Piezòmetre - Piezòmetre 13 (Arbúcies-1),-0.022914090836785854,0.004588801408167909,0.44202364585100185,131.0,406.82166412213746,12.807999999999993,2013.0,2024.0,455937.3,4630730.53,Montseny-Guilleries
Piezòmetre - Piezòmetre 17 Sabadell-1 (Superficial),-0.03264345277880566,0.014218519473743295,0.268491387205555,88.0,176.07554545454545,5.174999999999983,2016.0,2024.0,425646.6,4599839.6,Detrític neogen del Vallès
Piezòmetre - Piezòmetre 17 Sabadell-2 (Profund),-0.08795066015725413,0.03560330245721287,0.07830665683221857,88.0,168.683625,9.879999999999995,2016.0,2024.0,425646.1,4599843.3,Detrític neogen del Vallès
Piezòmetre - Piezòmetre 17 Sabadell-3 (Superficial),0.18513851796674233,0.42176686829917953,7.669965566985498e-12,88.0,200.0795,3.2789999999999964,2016.0,2024.0,424663.4,4601277.4,Detrític neogen del Vallès
Piezòmetre - Piezòmetre 17 Sabadell-4 (Profund),0.1134574731903034,0.11438331856978302,0.0012693534682855123,88.0,194.62157954545455,8.030000000000001,2016.0,2024.0,424669.9,4601267.7,Detrític neogen del Vallès
Piezòmetre - Piezòmetre 17 Sabadell-5 (Profund),0.04099581159895396,0.0012735851810727248,0.7413280038515542,88.0,221.01482954545455,18.05000000000001,2016.0,2024.0,423796.1,4602693.1,Detrític neogen del Vallès
Piezòmetre - Piezòmetre 18 Arenys De Munt-1,-0.0966439518079078,0.03018342945889494,0.035338399562523694,147.0,50.296527210884356,11.253999999999998,2011.0,2024.0,461867.68,4604917.41,Maresme
Piezòmetre - Piezòmetre 18 Canet-1,-0.026145895939237485,0.0272725747753688,0.0406813808449737,154.0,7.104532467532467,3.2,2011.0,2024.0,465201.81,4604275.29,Maresme
Piezòmetre - Piezòmetre 18 Sant Andreu De Llavaneres-1,0.006326393809091343,0.0005295069228967907,0.7865108052564831,141.0,1.5507234042553193,10.857,2010.0,2023.0,457863.98,4601330.51,Maresme
Piezòmetre - Piezòmetre 18 Sant Pol De Mar-1,-0.10822791565316567,0.028174978784382,0.038729466100382644,152.0,6.161921052631579,12.96,2010.0,2024.0,467432.45,4605791.21,Maresme
Piezòmetre - Piezòmetre 32 Castelló D'Empúries El Matar,0.17128593392237157,0.2526616877223342,6.812963053115052e-06,72.0,1.6459722222222222,2.98,2018.0,2026.0,507940.9,4673424.01,Fluviodeltaic del Fluvià - Muga
Piezòmetre - Piezòmetre 37 Esparreguera 1 (Abrera),0.29061591572124845,0.049863609648059824,0.007775812770633601,141.0,59.51418439716312,55.89,2010.0,2024.0,409148.08,4598243.74,Cubeta d'Abrera
Piezòmetre - Piezòmetre 37 Esparreguera-2 (Can Vinyals),0.2584828711514621,0.027591601483546863,0.04509452653977911,146.0,73.60000000000001,70.66,2010.0,2024.0,406592.28,4601644.27,Cubeta d'Abrera
Piezòmetre - Piezòmetre 37 Olesa De Montserrat-1,0.21747892583324865,0.026276458974352757,0.054804920754639094,141.0,63.20539007092199,61.46000000000001,2010.0,2024.0,407734.48,4598592.25,Cubeta d'Abrera
Piezòmetre - Piezòmetre 38 Pallejà-1,0.05277530115153163,0.02727374415248981,0.03138353973475022,170.0,19.477529411764706,9.46,2010.0,2024.0,416516.8,4586730.74,Vall baixa i Delta del Llobregat
Piezòmetre - Piezòmetre 38 Sant Andreu De La Barca-1,0.06034052563295721,0.016574738067419725,0.06384118346898446,208.0,26.48076923076923,25.19,2010.0,2025.0,415136.07,4588486.75,Cubeta de Sant Andreu
Piezòmetre - Piezòmetre 4 Llançà-1,-0.04809058921941867,0.026788093832128615,0.04053717832248163,157.0,-0.34197452229299363,4.859999999999999,2010.0,2025.0,512663.0,4690414.0,Al·luvials de l'Albera i Cap de Creus
Piezòmetre - Piezòmetre 4 Port De La Selva-1,0.08711258649196821,0.004026306025028204,0.45475490203314484,141.0,-0.5308510638297872,42.29,2010.0,2025.0,516733.82,4686847.46,Al·luvials de l'Albera i Cap de Creus
Piezòmetre - Piezòmetre 66  (Santa Coloma De Farners-1),-0.0016600260573808822,0.001246560699202936,0.6679719814374016,150.0,107.7594,1.1199999999999903,2009.0,2022.0,472864.34,4632818.41,Plioquaternari de la Riera Santa Coloma
Piezòmetre - Piezòmetre Barrera Hidràulica Bh-Pp10,-0.00738254617071541,0.0025237236385303066,0.12702002506808965,924.0,0.35848331155285207,3.1929999999999996,2009.0,2026.0,427707.05,4577391.88,Vall baixa i Delta del Llobregat
Piezòmetre - Piezòmetre Barrera Hidràulica Bh-Pp11,-0.08734942555786367,0.06898429603889084,9.576286088995314e-13,715.0,-0.0082015784939698,8.53,2009.0,2026.0,424076.24,4573944.47,Vall baixa i Delta del Llobregat
Piezòmetre - Piezòmetre Barrera Hidràulica Bh-Pp12,-0.1580796079164194,0.32472191045791704,4.366286604828566e-61,695.0,1.003398984674129,8.99,2010.0,2026.0,426197.71,4573114.97,Vall baixa i Delta del Llobregat
Piezòmetre - Piezòmetre Barrera Hidràulica Bh-Pp13,-0.09928461809683081,0.11746156011479182,1.6041136954553398e-16,547.0,-1.0185741461992954,9.931999999999999,2009.0,2026.0,425079.62,4574063.68,Vall baixa i Delta del Llobregat
Piezòmetre - Piezòmetre Barrera Hidràulica Bh-Pp14,0.1219033004097529,0.42852380446414007,1.0795201235843084e-59,477.0,0.01621304375447119,4.086,2009.0,2026.0,428835.95,4577588.52,Vall baixa i Delta del Llobregat
Piezòmetre - Piezòmetre Barrera Hidràulica Bh-Pp14 A (Superficial),-0.01711025370076716,0.008153898044825615,0.6004560329583635,36.0,0.7027777777777777,0.97,2021.0,2023.0,428834.0,4577589.0,Vall baixa i Delta del Llobregat
Piezòmetre - Piezòmetre Barrera Hidràulica Bh-Pp15,0.024246691724680247,0.012832833439420767,0.011005612045546075,503.0,-0.16385857503202128,4.70066666666667,2009.0,2023.0,428188.91,4576519.96,Vall baixa i Delta del Llobregat
Piezòmetre - Piezòmetre Barrera Hidràulica Bh-Pp15 A (Superficial),-0.04221512092344196,0.5179286008419371,2.429371960901278e-07,39.0,1.0323076923076924,0.4900000000000001,2017.0,2023.0,428189.0,4576520.0,Vall baixa i Delta del Llobregat
Piezòmetre - Piezòmetre Barrera Hidràulica Bh-Pp16,-0.038665179077015485,0.04572388708406248,6.917541042670947e-08,624.0,0.38626886971723934,9.436,2009.0,2026.0,427572.14,4576202.35,Vall baixa i Delta del Llobregat
Piezòmetre - Piezòmetre Barrera Hidràulica Bh-Pp17,-0.04343522684885918,0.03982845151354007,0.006912475848449973,182.0,-0.20521327878470735,3.354,2009.0,2026.0,428290.46,4577228.01,Vall baixa i Delta del Llobregat
Piezòmetre - Piezòmetre Barrera Hidràulica Bh-Pp2,-0.13023920387329613,0.005492541352564766,0.19901964929834226,302.0,0.3031709813365443,16.296,2009.0,2026.0,425341.2,4572996.62,Vall baixa i Delta del Llobregat
Piezòmetre - Piezòmetre Barrera Hidràulica Bh-Pp3,0.12248704432118718,0.02486954053491515,0.0007877486373088391,450.0,0.6668019030888597,4.364000000000001,2009.0,2026.0,425713.03,4573487.79,Vall baixa i Delta del Llobregat
Piezòmetre - Piezòmetre Barrera Hidràulica Bh-Pp4,0.05646067582898532,0.023105164977684448,0.004845344190223598,342.0,0.8001699296550555,2.464,2010.0,2026.0,428357.92,4577027.01,Vall baixa i Delta del Llobregat
Piezòmetre - Piezòmetre Barrera Hidràulica Bh-Pp5,0.202802137436283,0.04762101000920059,2.9613927567300597e-07,541.0,0.051630759901514556,4.452,2009.0,2026.0,427412.24,4575049.49,Vall baixa i Delta del Llobregat
Piezòmetre - Piezòmetre Barrera Hidràulica Bh-Pp6,0.14046388631318726,0.04529399284099729,1.4548932268875013e-05,408.0,0.8344911011651037,3.634,2009.0,2026.0,427867.08,4576005.35,Vall baixa i Delta del Llobregat
Piezòmetre - Piezòmetre Barrera Hidràulica Bh-Pp7,-0.07845773138516819,0.026862338948485637,0.00014638251861212202,532.0,0.30336755673769406,6.24,2009.0,2026.0,427659.75,4575565.0,Vall baixa i Delta del Llobregat
Piezòmetre - Piezòmetre Barrera Hidràulica Bh-Pp8,0.040196796058193096,0.0029826315394213144,0.248671993346057,448.0,0.49648303394974586,4.9799999999999995,2010.0,2026.0,425804.43,4574632.55,Vall baixa i Delta del Llobregat
Piezòmetre - Piezòmetre Barrera Hidràulica Bh-Pp9,0.06645514488366407,0.0036493044735795444,0.2624417370766587,346.0,0.05133542004615136,9.584,2009.0,2026.0,426912.99,4575280.62,Vall baixa i Delta del Llobregat
Piezòmetre - Piezòmetre Begudà,-0.07487260104062557,0.11991938636543872,1.3762056530188112e-06,185.0,321.94513513513516,5.7900000000000205,2008.0,2026.0,462030.93,4673155.25,Fluviovolcànic de la Garrotxa
Piezòmetre - Piezòmetre Carretera  Miravet-Pinell,-0.04274188448540604,0.12309224254085491,4.267789778101398e-05,130.0,115.50884615384616,3.8100000000000023,2013.0,2024.0,293891.0,4547625.0,Fossa de Móra
Piezòmetre - Piezòmetre Che - Camarles,0.7066110819377754,0.4919154679073203,5.92853822126994e-20,126.0,-0.9584126984126987,19.84,2013.0,2024.0,302491.18,4515481.52,Cardó - Vandellòs
Piezòmetre - Piezòmetre Che - Móra D'Ebre (Circuit),-0.22021946791412805,0.08861873603870123,0.013683381384948214,68.0,19.811323529411766,5.34,2018.0,2024.0,297084.45,4551437.62,Fossa de Móra
Piezòmetre - Piezòmetre D-4-A (El Prat De Llobregat),0.10088061055512176,0.2774098549374469,7.21561265669689e-67,921.0,1.812301845819761,3.86,2000.0,2024.0,422995.83,4575820.7,Vall baixa i Delta del Llobregat
Piezòmetre - Piezòmetre Esc-6,-2.2312013267955,0.8055148961111382,0.00042594137541325077,10.0,12.550999999999998,1.7699999999999996,2023.0,2024.0,417049.9,4585712.8,Vall baixa i Delta del Llobregat
Piezòmetre - Piezòmetre Foix S-6,-0.00036745416286860654,6.913307970790181e-05,0.9756197428825246,16.0,43.509375,0.75,2010.0,2023.0,388005.89,4567049.03,Garraf
Piezòmetre - Piezòmetre Foix S-8,0.05574067376443102,0.003628728978041515,0.46249492477708787,151.0,20.592814569536426,21.509999999999998,2000.0,2023.0,387997.83,4566369.57,Garraf
Piezòmetre - Piezòmetre G-5,0.05723622313682813,0.03417981179417729,0.020448217465595622,157.0,5.495853503184714,7.8100000000000005,2000.0,2024.0,418502.0,4582530.0,Vall baixa i Delta del Llobregat
Piezòmetre - Piezòmetre J-4',0.1767829346663975,0.48248559613674613,2.5799308744744227e-187,1296.0,27.861876286007714,11.830000000000002,2000.0,2024.0,416172.81,4588365.27,Vall baixa i Delta del Llobregat
Piezòmetre - Piezòmetre L'Escala,0.00040321449865620047,1.467989167515126e-05,0.9006572099077632,1064.0,1.9551033834586466,11.0,2000.0,2024.0,509545.0,4661650.0,Fluviodeltaic del Baix Ter
Piezòmetre - Piezòmetre Nº6 (Estudi Desaladora),-1.4352811491636186,0.27656734523970544,0.03640716149292151,16.0,1.816875,3.4000000000000004,2023.0,2024.0,480036.4,4613202.12,Al·luvials de la baixa i delta de la Tordera
Piezòmetre - Piezòmetre P (Pallejà),0.11166290211511519,0.11535984367737355,6.446852819648488e-60,2177.0,12.47237038738325,6.15,2000.0,2012.0,417039.59,4585351.76,Vall baixa i Delta del Llobregat
Piezòmetre - Piezòmetre Poble Sec Psp10,0.19952609042814637,0.09890211581460669,0.3194603548281153,12.0,1.4525,1.1400000000000001,2023.0,2025.0,429761.0,4580850.0,Baix Besòs i Pla de Barcelona
Piezòmetre - Piezòmetre Riade 1 (Migjorn 1-S),-0.046124606805124965,0.006893853207124969,2.4952158597894465e-05,2571.0,-5.619280669000389,9.843900000000001,2000.0,2026.0,313902.0,4507070.0,Delta de l'Ebre
Piezòmetre - Piezòmetre Riade 10 (La Estella-S),0.34745319622123905,0.0708806649601364,1.2348279236689398e-38,2301.0,-6.305281587715486,12.4401,2013.0,2026.0,312654.0,4511608.0,Delta de l'Ebre
Piezòmetre - Piezòmetre Riade 11 (Riumar-S),-0.12994735315192876,0.05254328502593225,2.4407801431769116e-25,2007.0,-6.793497624979239,9.4564,2013.0,2026.0,315104.0,4512550.0,Delta de l'Ebre
Piezòmetre - Piezòmetre Riade 12 (Ullals De Baltasar-P),0.29134553025887455,0.037411713979324496,2.408330729431953e-14,1528.0,-18.888798538394415,23.869999999999997,2013.0,2025.0,297439.0,4504487.0,Delta de l'Ebre
Piezòmetre - Piezòmetre Riade 12 B (Ullals De Baltasar-S),-0.22054318011250568,0.07940295554550211,6.716927913603373e-48,2558.0,-6.021536017722179,10.4119,2013.0,2025.0,297437.1,4504489.5,Delta de l'Ebre
Piezòmetre - Piezòmetre Riade 13 (Muntells-P),-0.08624866278099477,0.014641105745847743,0.06942784522583569,226.0,2.904278761061947,29.335,2013.0,2025.0,312142.7,4504694.0,Delta de l'Ebre
Piezòmetre - Piezòmetre Riade 14 (Carrasca -P),0.8165485824600057,0.06375473211397803,1.7276053815340327e-35,2349.0,45.329983638427706,69.59030000000001,2013.0,2025.0,294830.0,4504072.5,Serra del Montsià
Piezòmetre - Piezòmetre Riade 15 (Migjorn Buda -P),-0.31577670949619047,0.023088966384436218,0.16002908287566242,87.0,-2.604445019157088,47.15,2013.0,2025.0,316631.0,4507548.5,Delta de l'Ebre
Piezòmetre - Piezòmetre Riade 16 (Pal-P),-0.9404273344745719,0.06062324227282836,2.5749857386008215e-22,1512.0,-40.74496124338624,49.25,2013.0,2026.0,314297.0,4513442.0,Delta de l'Ebre
Piezòmetre - Piezòmetre Riade 17 (Illa De Mar-P),-0.954367637671833,0.17712031884737506,4.5161580061301476e-74,1703.0,-34.67827989821883,36.30329999999999,2013.0,2024.0,308476.0,4515592.0,Delta de l'Ebre
Piezòmetre - Piezòmetre Riade 2 (Migjorn 2-S),-0.12385901936069786,0.05161399397988189,4.056462097241149e-30,2456.0,-4.66905861834962,9.6297,2013.0,2024.0,313903.0,4507076.0,Delta de l'Ebre
Piezòmetre - Piezòmetre Riade 3 (Finca Migjorn-S),-0.20632490339916,0.09421730813292566,1.441180876208927e-51,2309.0,-4.382503479139598,11.870000000000001,2013.0,2026.0,312680.0,4506715.0,Delta de l'Ebre
Piezòmetre - Piezòmetre Riade 4 (Los Alamos 1-S),0.4002651103238249,0.12870096352889818,2.424292670178565e-59,1918.0,-3.16527396593674,9.5101,2013.0,2026.0,310562.0,4508229.0,Delta de l'Ebre
Piezòmetre - Piezòmetre Riade 5 (Los Alamos 2-S),-0.13090418534267115,0.06484940946319644,6.380511138079257e-47,3089.0,-4.596190870831985,11.4646,2013.0,2026.0,310650.0,4508347.0,Delta de l'Ebre
Piezòmetre - Piezòmetre Riade 6 (Amposta-S),-0.10996435767921367,0.0332071087091511,4.176619516029132e-19,2365.0,-6.538734108527132,9.2879,2013.0,2026.0,303152.0,4505042.0,Delta de l'Ebre
Piezòmetre - Piezòmetre Riade 7 (Balada-S),0.19862351850472826,0.051488891388963884,1.4064559499382778e-28,2329.0,-7.579668269643622,12.6877,2013.0,2025.0,304365.0,4509098.0,Delta de l'Ebre
Piezòmetre - Piezòmetre Riade 8 (Deltebre-S),-0.07746219176429503,0.023360216070038544,1.6453020232024062e-14,2495.0,-3.997666105544422,8.3141,2013.0,2026.0,302321.0,4510341.0,Delta de l'Ebre
Piezòmetre - Piezòmetre Riade 9 (Les Olles-S),-0.10389087621350397,0.04163001860852678,2.3042621971448133e-23,2335.0,-8.55357414703783,9.362699999999998,2013.0,2024.0,306132.0,4517499.0,Delta de l'Ebre
Piezòmetre - Piezòmetre S-2 Museu,0.4653493573742542,0.4723682986020643,1.2805465306913232e-69,489.0,312.1509285105654,10.629999999999995,2000.0,2023.0,390213.95,4598271.98,Carme-Capellades
Piezòmetre - Piezòmetre S-L2-03 (Badalona),-0.025453651807340848,0.004050042672240945,0.5069645452765721,111.0,0.7616036036036035,7.69,2014.0,2024.0,436718.45,4588684.12,Baix Besòs i Pla de Barcelona
Piezòmetre - Piezòmetre S-L2-04 (Badalona),-0.019396722151074325,0.04269761152180772,0.030321067155489004,110.0,0.9956181818181817,2.1639999999999997,2014.0,2024.0,436893.45,4588966.11,Baix Besòs i Pla de Barcelona
Piezòmetre - Piezòmetre Sant Pere De Ribes (Pou De Sitges),-0.03063515345616714,0.012859929878783904,0.0603743328993358,275.0,4.888618181818181,27.080000000000002,2000.0,2026.0,398562.7,4568283.9,Garraf
Piezòmetre - Piezòmetre Sc-15. Basses,-6.22709417590446,0.9445541430988253,5.892291674092846e-07,11.0,-2.37,4.63,2023.0,2024.0,419933.8,4579598.7,Vall baixa i Delta del Llobregat
Piezòmetre - Piezòmetre Sc-34. Basses,-5.548123787962152,0.9636976589399813,8.690364429574175e-08,11.0,-3.1818181818181817,4.069999999999999,2023.0,2024.0,419775.8,4579306.7,Vall baixa i Delta del Llobregat
Piezòmetre - Piezòmetre Sc-35. Basses,-3.2846543720175103,0.410961158101228,0.024676090592843803,12.0,-4.091666666666666,6.46,2023.0,2024.0,420468.8,4579362.7,Vall baixa i Delta del Llobregat
Piezòmetre - Piezòmetre Sol De Riu,0.010444893633568588,0.001078148554171031,0.5953355928519148,264.0,-8.702045454545456,37.6,2000.0,2024.0,288701.0,4489175.0,Plana de Vinaròs_Cat
Piezòmetre - Piezòmetre X (El Prat De Llobregat),0.40843347421609455,0.6858155437994801,2.6191808804361973e-66,258.0,-2.609186046511627,11.28,2000.0,2025.0,422850.42,4574820.8,Vall baixa i Delta del Llobregat
Piezòmetre - Piezómetre Tortosa (Barranc De Sant Antoni),0.003729659207394768,0.001380598683134272,0.5905820719006558,212.0,1.383490566037736,4.58,2000.0,2024.0,288195.18,4518301.63,Plana de la Galera
Piezòmetre - Pièzometre 10 Sant Julià De Vilatorta-2 (Profund),-0.004431825455467332,6.176950938788904e-07,0.9923583872969004,151.0,552.3338410596027,270.09999999999997,2010.0,2024.0,443435.04,4642411.05,Plana de Vic - Collsacabra
Piezòmetre - Pnzvg_Piezolaguardiola,0.46857377609074236,0.03559987409955464,1.115082038662103e-13,1524.0,413.53788188976375,13.247000000000014,2011.0,2015.0,456643.5,4671076.5,Fluviovolcànic de la Garrotxa
Piezòmetre - Pont de Molins (Pm4pz),-0.01468196107322271,0.04781763477824833,0.013894572077623638,126.0,31.52642857142857,3.0199999999999996,2012.0,2025.0,494936.86,4684177.12,Fluviodeltaic del Fluvià - Muga
Piezòmetre - Pont de Molins (Pm6pz),-0.04367245000642266,0.1621109874531599,8.938638284279882e-07,139.0,25.75287769784173,4.829999999999998,2012.0,2026.0,495281.06,4683418.42,Fluviodeltaic del Fluvià - Muga
Piezòmetre - Porqueroles,-0.05741602337310325,0.710801274800408,4.137500079810741e-60,218.0,1.803091743119266,2.6599999999999997,2000.0,2024.0,328241.22,4546176.69,Baix Camp
Piezòmetre - Port 1,0.04143670739105046,0.5052299695284846,1.4466867691946815e-15,93.0,1.1632258064516132,1.87,2009.0,2023.0,428527.8,4574828.27,Vall baixa i Delta del Llobregat
Piezòmetre - Port 2a,0.02020380305548472,0.3326328582914547,1.154005550336166e-08,83.0,0.9981927710843375,0.93,2009.0,2023.0,429116.26,4576293.76,Vall baixa i Delta del Llobregat
Piezòmetre - Port S-23,0.005855309881582983,0.010744184520819025,0.36019820309562955,80.0,0.9115,1.0299999999999998,2014.0,2023.0,427360.0,4574130.0,Vall baixa i Delta del Llobregat
Piezòmetre - Port S-25,0.23938809656909169,0.7666319507719269,4.2857625852907564e-32,98.0,0.44675510204081637,2.87,2012.0,2023.0,428330.0,4574315.0,Vall baixa i Delta del Llobregat
Piezòmetre - Port S-26,-0.008856445251835144,0.04188311556437865,0.08027553995596168,74.0,0.6641891891891891,0.91,2014.0,2023.0,427386.0,4573607.0,Vall baixa i Delta del Llobregat
Piezòmetre - Port-1-Nou,-0.03042568419674669,0.02017238346154815,0.169759299675511,95.0,-1.2263263157894735,5.08,2009.0,2023.0,428505.93,4574823.96,Vall baixa i Delta del Llobregat
Piezòmetre - Port-2b-Nou,0.026546210212189603,0.15338193773813047,0.00025093903139455654,83.0,0.8635662650602408,1.9060000000000001,2009.0,2023.0,429119.74,4576299.65,Vall baixa i Delta del Llobregat
Piezòmetre - Port-3,0.052585173819319604,0.033378267038979836,0.07963221359058134,93.0,-0.09741935483870964,5.59,2009.0,2023.0,428808.5,4571884.51,Vall baixa i Delta del Llobregat
Piezòmetre - Pou 14,-0.02149295714388957,0.0003120420777980054,0.8358896107909537,140.0,77.98307142857142,20.650000000000006,2000.0,2013.0,376710.24,4568514.27,Sorres de Santa Oliva
Piezòmetre - Pou Aca 2002.04.01,-0.21377766884390617,0.14717223466182958,0.0002246618732683997,88.0,0.8380681818181818,1.1700000000000002,2015.0,2018.0,480133.3,4611063.0,Al·luvials de la baixa i delta de la Tordera
Piezòmetre - Pou Aca 2002.04.02,-0.31334973610568295,0.17295350608759805,5.586973683247028e-05,88.0,0.7732954545454546,1.48,2015.0,2018.0,480133.5,4611063.5,Al·luvials de la baixa i delta de la Tordera
Piezòmetre - Pou Aca 2002.04.03,-0.2278441553153144,0.2212214581771617,3.7659954871569593e-06,88.0,0.04931818181818182,1.03,2015.0,2018.0,480133.8,4611063.2,Al·luvials de la baixa i delta de la Tordera
Piezòmetre - Pou Aca 2002.06.03,-0.18696634351344418,0.07215171494216638,0.0071817897474997176,99.0,0.40311111111111103,3.19,2015.0,2024.0,480480.0,4612043.0,Al·luvials de la baixa i delta de la Tordera
Piezòmetre - Pou Bellisens,-0.043028023561000696,0.019894345620878603,4.030307498098609e-06,1060.0,46.92240094339623,9.43,2000.0,2024.0,344422.32,4555073.62,Baix Camp
Piezòmetre - Pou Blanes (Camp De Tir),0.22001197106494474,0.17736316104332972,5.908945791995932e-88,2027.0,0.3201036013813518,13.23,2000.0,2024.0,480431.7,4612603.62,Al·luvials de la baixa i delta de la Tordera
Piezòmetre - Pou Creueta,2.9515876485817034,0.20998455525976084,4.754337067360381e-10,167.0,2.7868862275449104,70.98,2000.0,2009.0,313038.0,4529819.0,l'Ametlla de Mar- Perelló
Piezòmetre - Pou De Golmés,-0.06237469318945784,0.0730525243178874,0.011345483378338492,87.0,266.16068965517246,4.199999999999989,2002.0,2020.0,325895.02,4607855.79,Al·luvial d'Urgell
Piezòmetre - Pou La Sènia,0.15274625297575495,0.012888359869886654,0.5889723249120816,25.0,259.7552,17.97,2000.0,2007.0,269314.0,4503084.0,Ports de Beseit (CHX)_Cat
Piezòmetre - Pou Obert Tornabous,0.10339667166179349,0.0013687569130928978,0.5860598743422574,219.0,285.2869634703196,275.8,2002.0,2025.0,338359.5,4618356.4,Al·luvial d'Urgell
Piezòmetre - Pou Poal,0.08833650377967994,0.0018431483705642745,0.5273935832685916,219.0,212.1508904109589,201.8,2002.0,2025.0,321858.97,4615773.63,Al·luvial d'Urgell
Piezòmetre - Pou Sant Jaume-2,-0.7607976213226189,0.5102462335073092,9.493966894425555e-44,272.0,100.98297794117647,68.09,2000.0,2024.0,378284.05,4574615.81,Bloc del Gaià-Bonastre
Piezòmetre - Premià-1,0.03167864134692261,0.11626661229163804,2.8880376212966316e-05,144.0,0.6194375,6.29,2000.0,2024.0,447553.21,4594271.04,Maresme
Piezòmetre - Premià-2,0.01672440463727607,0.014375595291630865,0.04618717722943111,277.0,-0.18497472924187722,13.681000000000001,2000.0,2024.0,447274.06,4593980.69,Maresme
Piezòmetre - R-17,0.04398751903234517,0.21465595578266108,1.1182479503224143e-12,212.0,34.86004716981132,6.380000000000003,2000.0,2024.0,345101.96,4554222.23,Baix Camp
Piezòmetre - R-2 (Montcada I Reixac),-0.0024277422824340936,0.0012461787059131412,0.559946939879809,275.0,48.138461818181824,3.4680000000000035,2000.0,2024.0,430174.54,4593431.76,Al·luvials del Vallès
Piezòmetre - R-21,-0.0005079727684471255,1.0287662938029115e-05,0.9627075088704011,215.0,115.85418604651163,16.060000000000002,2000.0,2024.0,340768.32,4558461.89,Baix Camp
Piezòmetre - Reus-24,-0.013899826348249072,0.033426725706508766,7.2325226287180004e-09,987.0,87.6881107994838,2.299999999999997,2000.0,2024.0,341781.31,4556805.03,Baix Camp
Piezòmetre - Reus-27,-0.06329633492634294,0.04054772051703872,3.244902977177554e-07,633.0,49.01693404423381,8.64,2000.0,2011.0,346077.68,4556332.44,Baix Camp
Piezòmetre - Reus-28,-0.1306126315555446,0.27628326110757234,3.283271268121703e-55,760.0,47.02111052631578,6.810000000000002,2000.0,2024.0,346227.13,4555753.57,Baix Camp
Piezòmetre - Ridaura S-03-A,0.04674640609863852,0.05117686640322914,0.003906836418863213,161.0,30.00434782608696,5.630000000000003,2000.0,2024.0,498332.25,4629582.41,Al·luvials de la Baixa Costa Brava
Piezòmetre - Ridaura S-07-A,0.06093426523930898,0.07510079010101765,1.2818759518573382e-21,1171.0,9.273766011955592,7.1,2000.0,2024.0,502645.15,4628453.78,Al·luvials de la Baixa Costa Brava
Piezòmetre - Ridaura S-08,-0.051566146037710106,0.18607236365234328,1.4300084450070809e-13,268.0,32.21018656716418,6.460000000000001,2000.0,2024.0,498926.85,4629544.41,Al·luvials de la Baixa Costa Brava
Piezòmetre - Ridaura S-08-A,-0.0002630654707797925,1.3030185393850452e-05,0.9520501828479203,280.0,9.136464285714286,5.340000000000001,2000.0,2024.0,502641.05,4628451.68,Al·luvials de la Baixa Costa Brava
Piezòmetre - Ridaura S-09,0.0021538621783225623,0.0013262694737142325,0.5403343339960553,285.0,-0.16840350877192983,4.51,2000.0,2024.0,505101.45,4628353.06,Al·luvials de la Baixa Costa Brava
Piezòmetre - Ridaura S-09-A,0.031091498411338906,0.04629686652347128,0.03156568401717987,100.0,6.9818,2.37,2000.0,2008.0,503085.45,4628623.87,Al·luvials de la Baixa Costa Brava
Piezòmetre - Ridaura S-10,0.02685251211015299,0.014861973226686032,0.12581653857517944,159.0,27.66899371069183,5.059999999999999,2000.0,2023.0,498738.25,4629302.31,Al·luvials de la Baixa Costa Brava
Piezòmetre - Ridaura S-11,0.003926588086312094,0.0002726812700216786,0.7836213012624975,279.0,20.117347670250894,9.879999999999999,2000.0,2024.0,499621.75,4628775.1,Al·luvials de la Baixa Costa Brava
Piezòmetre - Rissec S-24,-0.1112999864116596,0.08513060848392995,7.049056496415533e-07,279.0,22.187921146953407,10.3,2000.0,2024.0,502343.8,4647981.81,Fluviodeltaic del Baix Ter
Piezòmetre - Rr-3,-0.0063176692448999655,0.0233658870854299,0.031127326909325053,199.0,0.6839396984924623,3.0999999999999996,2000.0,2024.0,331773.09,4545744.79,Baix Camp
Piezòmetre - S-11 (Riudarenes),0.022551644274332282,0.11184322659311016,7.1003685602369415e-09,285.0,100.9372105263158,3.5600000000000023,2000.0,2024.0,474079.05,4632038.11,Plioquaternari de la Riera Santa Coloma
Piezòmetre - S-12 (Riera D'Arbúcies),0.018377769771603783,0.07570021299138846,3.096246489451109e-05,223.0,65.98830941704034,3.789999999999992,2000.0,2024.0,468040.24,4620878.43,Al·luvials de l'alta i mitjana Tordera
Piezòmetre - S-12 (Riudarenes),-0.017473990527784002,0.06729772272592825,1.581421546469974e-05,270.0,100.02044444444444,3.980000000000004,2000.0,2024.0,474208.33,4632065.4,Plioquaternari de la Riera Santa Coloma
Piezòmetre - S-14 (Montferri),-0.4551519119458263,0.7456893947207605,1.7600950477858512e-60,199.0,127.72040201005025,17.419999999999987,2000.0,2024.0,364550.0,4568729.0,Bloc del Gaià-Bonastre
Piezòmetre - S-14 (Sant Feliu De Buixalleu),0.018214118182626006,0.00125570800253687,0.6615742807934337,155.0,68.86290322580645,9.529999999999994,2000.0,2016.0,465845.0,4619706.0,Al·luvials de l'alta i mitjana Tordera
Piezòmetre - S-16,-0.06356391118049995,0.060226061142052374,2.540072334025505e-05,288.0,54.80256249999999,12.700000000000003,2000.0,2024.0,338163.97,4552890.97,Baix Camp
Piezòmetre - S-2 (Sant Feliu De Buixalleu),-0.0007561877242116108,9.061586335525323e-05,0.8863292522491262,228.0,68.06915789473685,5.13000000000001,2000.0,2021.0,468274.24,4621102.43,Montseny-Guilleries
Piezòmetre - S-32 (Palafolls),0.09195570109727313,0.0394478776379284,0.00011757965464090875,371.0,3.2936603773584903,15.98,2000.0,2024.0,479753.0,4613617.0,Al·luvials de la baixa i delta de la Tordera
Piezòmetre - S-5 (Palau-Solità I Plegamans),0.007365391018212536,0.011415608721663218,0.07272114796785972,283.0,97.26335335689046,4.793999999999997,2000.0,2024.0,431196.24,4602030.48,Al·luvials del Vallès
Piezòmetre - S-5 (Sant Feliu De Buixalleu),0.025928297979332784,0.09299514129277524,1.4735322392467482e-06,240.0,70.99971666666667,6.579999999999998,2000.0,2021.0,467963.24,4621492.43,Montseny-Guilleries
Piezòmetre - S-5-A (Montferri),-0.8465631131731549,0.8674275067582566,9.397520395048271e-126,284.0,120.90098591549295,23.52000000000001,2000.0,2024.0,366228.09,4568055.89,Bloc del Gaià-Bonastre
Piezòmetre - S-6 Poliesportiu (Capellades),0.47978721493476584,0.12409685689511511,6.300530226983882e-23,736.0,329.59306133291483,18.886000000000024,2000.0,2015.0,390198.74,4598093.99,Carme-Capellades
Piezòmetre - S-6-A,0.07063916367339387,0.006971632557179113,0.22273441726645737,215.0,180.93613953488375,62.329999999999984,2000.0,2024.0,367549.93,4568752.79,Bloc del Gaià-Bonastre
Piezòmetre - Sant Gregori 1,-0.46820434400828037,0.07899566829037935,0.01842749000940924,70.0,71.3567142857143,24.08999999999999,2018.0,2024.0,481198.47,4648870.37,Baixa Garrotxa-Pla de l'Estany
Piezòmetre - Santa Fe,-0.03788875163596579,0.02334597651715466,0.025751328414773768,213.0,527.2045539906104,7.3799999999999955,2002.0,2025.0,362565.0,4617122.0,Calcàries de Tàrrega
Piezòmetre - Santa Oliva-1,0.9831211439120966,0.21228708731730908,4.610122674903481e-12,203.0,70.78463054187193,90.1,2000.0,2024.0,376678.97,4569164.61,Sorres de Santa Oliva
Piezòmetre - Santa Oliva-2,0.015192317882256516,0.007408041107527365,0.15536436233397047,274.0,103.89970802919707,13.790000000000006,2000.0,2024.0,376673.71,4569167.04,Sorres de Santa Oliva
Piezòmetre - Sc,-0.23146273648094254,0.8534302439400593,5.2140194663155795e-87,206.0,6.520718446601942,6.95,2000.0,2024.0,330856.86,4547679.96,Baix Camp
Piezòmetre - Segura,-0.044231869199471086,0.19740630851157107,2.88166499787613e-15,286.0,135.3468111888112,6.5400000000000205,2000.0,2024.0,331263.33,4554682.71,Baix Camp
Piezòmetre - Selva-1 (Selva Del Camp),-0.054990162735172765,0.011255096585239236,0.18602932323334737,157.0,171.82579617834395,31.560000000000002,2000.0,2024.0,344528.66,4564228.23,Baix Camp
Piezòmetre - Selva-2 (Selva Del Camp),-0.057953039009659604,0.027049294272813086,0.005220107222853074,287.0,161.43895470383274,11.949999999999989,2000.0,2024.0,344311.42,4563517.16,Baix Camp
Piezòmetre - Sgop Fígols (Pont Del Far),-0.019641574491947724,0.06011205326041992,3.7032777529117006e-05,277.0,628.4516606498195,7.509999999999991,2000.0,2024.0,406161.52,4670410.97,Conca alta de Cardener i Llobregat
Piezòmetre - Sgop Pinell De Brai,-0.6066705211321939,0.2535721559502353,1.853222823249976e-09,126.0,83.84928571428573,10.64,2013.0,2024.0,291005.37,4543096.65,Fossa de Móra
Piezòmetre - Sgop Pont Del Moli Nou,0.03323756757046003,0.0007754620341592855,0.7006627238678114,193.0,11.060725388601035,75.47999999999999,2000.0,2024.0,281972.0,4495800.65,Plana de la Sènia_Cat
Piezòmetre - Sondeig Blanes (Malgrat De Mar),0.09442512741774,0.031182507253163377,8.142475730354396e-14,1763.0,0.6756176971072037,11.388,2000.0,2024.0,480346.26,4612430.75,Al·luvials de la baixa i delta de la Tordera
Piezòmetre - Sondeig Lloret,-0.010222547367063939,0.0008992873500732382,0.6061229539019759,298.0,4.793899328859061,9.6,2000.0,2024.0,479992.0,4613843.0,Al·luvials de la baixa i delta de la Tordera
Piezòmetre - Sondeig Roda,-2.438485128691817,0.83038744586359,1.986020580333604e-111,286.0,87.17751748251747,56.800000000000004,2000.0,2024.0,370188.32,4562970.93,Bloc del Gaià-Bonastre
Piezòmetre - T-1 Bis (Pont Del Tenes),-0.004477056640217416,0.00257014452684009,0.4102395533806502,266.0,69.82590225563911,3.4200000000000017,2000.0,2024.0,436168.04,4601288.64,Al·luvials del Vallès
Piezòmetre - T-117,0.0041586177341597415,0.012942123148050209,0.0018313432106713717,748.0,5.3358782342139035,1.54,2000.0,2024.0,349751.76,4552346.55,Baix Francolí
Piezòmetre - T-2 (Parets Del Vallès),0.02049396730471945,0.12050018914649102,1.8722908338061187e-16,530.0,69.30304905660377,4.310000000000002,2000.0,2024.0,436061.04,4601135.64,Al·luvials del Vallès
Piezòmetre - T-3,0.16579511610137046,0.27907313443141013,9.359831054782917e-07,76.0,80.33657894736842,3.989999999999995,2000.0,2007.0,436364.65,4602370.04,Al·luvials del Vallès
Piezòmetre - Tartareu,0.3487207288314531,0.026409016787551313,0.05418898935355077,141.0,488.71361702127655,76.10000000000002,2002.0,2022.0,310311.0,4645143.0,Serres marginals catalanes
Piezòmetre - Ter S-03,-0.008494338606815097,0.0008444904374175788,0.7135531507298861,162.0,-1.6096296296296295,8.35,2000.0,2023.0,508490.85,4653548.37,Fluviodeltaic del Baix Ter
Piezòmetre - Ter S-05,0.2617661230170771,0.31129218313877854,4.519049873958162e-19,216.0,-3.8338888888888882,23.57,2000.0,2026.0,510649.35,4652673.95,Fluviodeltaic del Baix Ter
Piezòmetre - Ter S-06,0.4345312949437084,0.36371164788217614,3.988152199406452e-16,149.0,-3.3431543624161075,19.220000000000002,2000.0,2020.0,510701.75,4652469.55,Fluviodeltaic del Baix Ter
Piezòmetre - Ter S-06 Bis,0.3927400009292081,0.35440175285264364,1.592664312420379e-16,158.0,-3.9420253164556955,19.93,2000.0,2023.0,510697.64,4652436.15,Fluviodeltaic del Baix Ter
Piezòmetre - Ter S-1',-0.020198608951756375,0.03634230082536854,0.00015520690983698564,389.0,7.418728119439589,3.6499999999999995,2000.0,2024.0,505708.95,4654360.89,Fluviodeltaic del Baix Ter
Piezòmetre - Ter S-10 Golf,0.27359278257811676,0.2752784453889413,1.5489034560468407e-75,1053.0,-3.798100664767331,13.35,2000.0,2024.0,511787.54,4651650.64,Fluviodeltaic del Baix Ter
Piezòmetre - Ter S-17,0.6013414392771426,0.3438419151576861,1.3041340659186052e-48,512.0,-5.0021484375,18.509999999999998,2000.0,2023.0,510375.54,4652099.75,Fluviodeltaic del Baix Ter
Piezòmetre - Ter S-17-C,-0.002328850159006575,0.0008096244195717154,0.641594656941008,270.0,7.220000000000001,5.23,2000.0,2024.0,506319.18,4658290.79,Fluviodeltaic del Baix Ter
Piezòmetre - Ter S-3-B,-0.000865675852738871,8.223814969303143e-05,0.9147009158695236,142.0,10.239295774647887,2.8400000000000016,2000.0,2013.0,502233.46,4656266.62,Fluviodeltaic del Baix Ter
Piezòmetre - Ter S-56,0.23094361629664015,0.2114607819083539,6.60821820112653e-10,163.0,-2.684907975460123,14.1,2000.0,2023.0,510931.04,4651350.05,Fluviodeltaic del Baix Ter
Piezòmetre - Ter S-7-B,0.3751912547512018,0.4523155241339801,1.870629272080009e-08,55.0,9.378909090909092,5.180000000000001,2000.0,2011.0,502112.0,4655976.0,Fluviodeltaic del Baix Ter
Piezòmetre - Ter S-8',0.01571443438828576,0.0320997258346884,0.024295016163783732,158.0,8.833797468354431,2.34,2000.0,2023.0,506097.24,4653107.79,Fluviodeltaic del Baix Ter
Piezòmetre - Ter S-8-A,0.023449215206824667,0.17466337541072913,1.7821298289150066e-13,285.0,-0.6018245614035087,2.72,2000.0,2026.0,513630.05,4652294.83,Fluviodeltaic del Baix Ter
Piezòmetre - Ter S-8-B,-0.008116362514308872,0.02629161123231751,0.008301286795927607,264.0,10.234280303030303,3.92,2000.0,2024.0,502230.0,4656265.0,Fluviodeltaic del Baix Ter
Piezòmetre - Ter S-9-B,0.16682998269537574,0.2485398136737072,3.6483940982314244e-10,140.0,9.7865,4.819999999999999,2000.0,2012.0,502121.0,4655981.0,Fluviodeltaic del Baix Ter
Piezòmetre - Terrassa-1,-0.149559541377621,0.08004238074537644,0.00016222107990645487,173.0,155.5993641618497,30.069999999999993,2000.0,2024.0,419418.3,4598362.5,Detrític neogen del Vallès
Piezòmetre - Terrassa-2,0.0709091227376688,0.0178298078395905,0.08166473431275818,171.0,180.00807017543858,30.590000000000003,2000.0,2024.0,419415.8,4598358.1,Detrític neogen del Vallès
Piezòmetre - Terrassa-3,0.1222213326512095,0.05751225721295854,0.0022551964007443276,160.0,151.820625,33.29000000000002,2000.0,2024.0,419418.6,4598362.4,Detrític neogen del Vallès
Piezòmetre - Terrassa-4,-0.04067795340777707,0.010361344912057941,0.2016999333885795,159.0,152.96666666666664,43.41,2000.0,2024.0,419415.7,4598357.8,Detrític neogen del Vallès
Piezòmetre - Torredembarra,0.0023570389985062864,0.0001479734031842141,0.8388413564937708,282.0,2.8734255319148936,23.9,2000.0,2024.0,362876.77,4557136.25,Baix Gaià
Piezòmetre - Vallmoll,-0.2410455238594224,0.029608302578008814,5.751313137255304e-12,1580.0,136.97138801011454,47.349999999999994,2000.0,2026.0,354563.94,4565230.93,Alt Camp
Piezòmetre - Vendrell,-0.19499804888331312,0.09148890442856404,2.8656402244466405e-07,277.0,19.449097472924187,26.480000000000004,2000.0,2024.0,377919.32,4565108.22,Garraf
Piezòmetre - Vilardida,-0.011042340629406169,0.016411602799766736,0.2978219232981947,68.0,214.4366176470588,0.7700000000000102,2000.0,2007.0,362642.0,4572014.0,Alt Camp
Piezòmetre - Vilaseca S-01,0.06366069911821935,0.2138259181312992,4.033947665092636e-10,165.0,47.1189090909091,5.039999999999999,2000.0,2024.0,343525.92,4554459.09,Baix Camp
Piezòmetre - Vilaseca S-30,0.1122576173054787,0.25941244346340936,2.4227936100649037e-47,698.0,13.055063586270057,15.36,2000.0,2024.0,343566.94,4550907.15,Baix Camp
Piezòmetre - Vilassar,-0.010367579367090094,0.010754955906642308,0.09713457585762872,257.0,-0.06071206225680935,10.35,2000.0,2024.0,449105.32,4595457.33,Maresme
Piezòmetre - Viver,-0.006618883792099168,0.002874844250752145,0.17651585579186344,637.0,2.015585175319728,4.8,2000.0,2024.0,351893.88,4553236.35,Baix Francolí
QLSub - 240-K.11,-0.16963194700725276,0.3185568085800679,4.867954699431932e-25,281.0,116.96494661921709,9.400000000000006,2000.0,2024.0,353099.21,4564130.72,Alt Camp
QLSub - Ajmt Celrà - Pou Camí Molins Vell,0.033633837965089626,0.025456187249524937,0.5550350215678532,16.0,39.253812499999995,4.899000000000001,2005.0,2026.0,489034.0,4653489.0,Fluviodeltaic del Baix Ter
QLSub - Ajmt La Roca - Pou Can Pipa,-0.010854522472214771,0.003726574854676233,0.8223032518739857,16.0,122.80125000000001,4.040000000000006,2007.0,2026.0,444566.7,4604688.3,Al·luvials del Vallès
QLSub - Ajmt Martorell - Pou La Torre 5,0.07376799292883135,0.15314310875916184,0.18607022277110252,13.0,48.130769230769225,3.539999999999999,2008.0,2026.0,410709.0,4592774.0,Cubeta d'Abrera
QLSub - Ajunt. Martorell - Pou La Torre 1,0.0034472220672817303,0.0007418800440953617,0.9296177414087262,13.0,43.10153846153847,2.950000000000003,2008.0,2026.0,410891.0,4592781.0,Cubeta d'Abrera
QLSub - Ajuntament,2.538810627027969,0.3489706451342774,0.04312165721412775,12.0,511.9741666666667,80.85000000000002,2009.0,2026.0,448699.35,4639186.6,Montseny-Guilleries
QLSub - Ajuntament De Santa Bàrbara (Lledó 2),0.15353599819778402,0.06606951784565009,0.0018024243435838835,145.0,3.6946206896551725,21.33,2004.0,2024.0,290060.15,4513041.61,Plana de la Galera
QLSub - Ajuntament Les Masies De Voltregà - Pou 1,0.8116324398147973,0.021504874371912126,0.6326073297664612,13.0,470.4253846153846,65.81,2002.0,2012.0,437221.0,4653221.0,Plana de Vic - Collsacabra
QLSub - Ajuntament Les Masies De Voltregà - Pou 3 // Pou Parató,1.8302815994192851,0.2830779605190595,0.09205130787162397,11.0,472.93454545454546,35.75,2006.0,2016.0,437346.0,4652986.0,Plana de Vic - Collsacabra
QLSub - Altet 2,0.4456389380202381,0.10296080972331909,0.194191424046595,18.0,358.6277777777778,39.0,2003.0,2026.0,345106.0,4614986.0,Calcàries de Tàrrega
QLSub - Argentona P-4,0.24155713589988306,0.19716982738481412,1.412267149753955e-105,2171.0,63.2419170121296,14.533999999999992,2000.0,2024.0,449679.37,4601739.94,Maresme
QLSub - Arquells,0.10731905000104629,0.05806531370047813,0.42773700329892883,13.0,504.97538461538454,8.279999999999973,2010.0,2026.0,359721.0,4611360.0,Calcàries de Tàrrega
QLSub - Aubí Camp De Futbol,-0.05837086234731538,0.06149597740272069,0.4621956706806245,11.0,0.3363636363636365,3.7,2008.0,2025.0,510006.0,4633495.0,Al·luvials de la Baixa Costa Brava
QLSub - B-0-A (Malgrat De Mar),0.03555446626595349,0.11596692169902753,1.0521592104716604e-05,160.0,-0.5129625,3.03,2000.0,2024.0,479528.0,4611177.0,Al·luvials de la baixa i delta de la Tordera
QLSub - B-1-A (Malgrat De Mar),-0.020610380142081493,0.025272591676444803,0.011498516332173183,252.0,0.5146031746031746,4.109999999999999,2000.0,2024.0,480151.0,4611857.0,Al·luvials de la baixa i delta de la Tordera
QLSub - B-5-A  (Malgrat De Mar),-0.035829484495182376,0.05300936768042286,0.016018658523656006,109.0,2.1309724770642204,5.344,2000.0,2024.0,480527.0,4612475.0,Al·luvials de la baixa i delta de la Tordera
QLSub - Bonastre,1.2362857939437668,0.25067670350684307,2.9288628551183827e-05,63.0,138.2136507936508,23.5,2000.0,2009.0,369456.0,4564046.0,Bloc del Gaià-Bonastre
QLSub - Bonmatí,-0.006677368934583082,0.0014676804975041365,0.9163190674144329,10.0,124.81700000000001,3.1200000000000045,2006.0,2025.0,472626.44,4646435.43,"Al·luvials del Ter Mig, Brugent i Llémena"
QLSub - Botarell-4,0.31243848145555514,0.009942029620333925,0.784040573677842,10.0,160.49200000000002,79.9,2002.0,2023.0,331804.0,4556617.0,Baix Camp
QLSub - Bovila,0.11611273022193142,0.01844899684695039,0.10576921480388228,143.0,81.31251748251748,19.08,2000.0,2024.0,349633.95,4562423.45,Baix Camp
QLSub - C-1-A (Palafolls),-0.08404783496020792,0.08976257377475871,6.417626865863139e-07,266.0,3.6908383458646616,8.48,2000.0,2024.0,480112.0,4613116.0,Al·luvials de la baixa i delta de la Tordera
QLSub - Cal Ferrer,0.12644383924247873,0.894374664000987,6.811681979316053e-36,72.0,276.5159722222222,2.6999999999999886,2008.0,2026.0,468211.51,4656819.18,"Al·luvials del Ter Mig, Brugent i Llémena"
QLSub - Cal Gili,-0.19183006809163125,0.5078978919021009,0.0028655355502472135,15.0,475.44933333333324,5.240000000000009,2008.0,2025.0,358412.0,4618963.0,Calcàries de Tàrrega
QLSub - Calafell-4,0.004383246072505657,3.7477740499363325e-05,0.9436088500528048,136.0,24.270367647058826,36.379999999999995,2000.0,2011.0,380990.89,4565397.58,Garraf
QLSub - Cambres Frigorífiques,0.13950360952469812,0.17849685023016454,0.1954922492284245,11.0,273.6545454545455,4.079999999999984,2008.0,2022.0,330011.05,4624708.48,N/D - Subterrània
QLSub - Camp Canto Empresa (Montfil),-0.033695445306325594,0.0037332767228575015,0.3986074744917846,193.0,203.98051813471503,13.670000000000016,2008.0,2026.0,467427.16,4675772.02,Baixa Garrotxa-Pla de l'Estany
QLSub - Campanyà,-0.9074506347616998,0.6288728139779518,0.006202675515323991,10.0,170.01799999999997,24.92999999999998,2002.0,2021.0,343939.0,4563462.0,Baix Camp
QLSub - Can Benet,-0.1844300709782375,0.23107680660212207,8.514007487868984e-12,180.0,473.19494444444445,7.100000000000023,2008.0,2026.0,454415.0,4661981.0,Fluviovolcànic de la Garrotxa
QLSub - Can Falgas,0.14394221772866728,0.2561052646170347,0.06483502371844029,14.0,86.18007142857142,5.798999999999992,2007.0,2026.0,483426.0,4645095.0,Plioquaternari de l'Onyar
QLSub - Can L'Esgleas,0.014936887728858973,0.01472089054651413,0.0444001951459516,275.0,-0.6315490909090908,8.26,2000.0,2024.0,451621.04,4597326.52,Maresme
QLSub - Can Matavaques,2.312853950363844,0.04490678165464857,0.32018250787549696,24.0,539.8825,373.98,2004.0,2026.0,435652.0,4636555.0,Plana de Vic - Collsacabra
QLSub - Can Padellas,0.02921072824202586,0.022624178610469045,0.06006375494298811,157.0,-0.5897452229299364,12.65,2000.0,2024.0,445693.2,4593539.15,Maresme
QLSub - Can Paleta,-0.2774452799098941,0.11165609681497707,3.784122533609493e-06,183.0,462.9590163934426,17.319999999999993,2008.0,2026.0,453617.0,4664226.0,Fluviovolcànic de la Garrotxa
QLSub - Can Serra,-0.47478101427418334,0.7067733839236207,6.574470851717915e-06,19.0,226.6043421052631,13.039999999999992,2007.0,2024.0,446686.14,4611590.58,Detrític neogen del Vallès
QLSub - Can Teixidó,-0.08461227684295734,0.012974033785820986,0.1439561529008366,166.0,-1.061144578313253,46.98,2000.0,2015.0,441591.08,4591740.78,Maresme
QLSub - Can Valencia,-0.32574169994456986,0.0982464934430172,0.25528447790882114,15.0,495.7613333333333,24.49000000000001,2007.0,2026.0,438171.0,4638596.0,Plana de Vic - Collsacabra
QLSub - Canosa,0.4924036595272078,0.45977135888060355,0.007692980446824523,14.0,404.3585714285715,16.0,2007.0,2025.0,353296.0,4623106.0,Calcàries de Tàrrega
QLSub - Casa  D'Amunt,1.0963720820262495,0.030778667978019116,0.6278237236483539,10.0,494.716,54.75,2003.0,2012.0,436505.39,4646724.71,Plana de Vic - Collsacabra
QLSub - Casa La Noguera,0.5580381306520273,0.09112392601795431,0.3966188738213555,10.0,489.56100000000004,13.699999999999989,2004.0,2011.0,439674.0,4640003.0,Plana de Vic - Collsacabra
QLSub - Caseta De Muntades,0.10906023793953366,0.009745045996210596,0.7727601485163385,11.0,538.1163636363636,9.540000000000077,2004.0,2014.0,440404.0,4654251.0,Plana de Vic - Collsacabra
QLSub - Castellnou D'Ossó,-0.06305569326235225,0.08764037150440226,0.00028562294254727544,146.0,348.3660616438357,9.150000000000034,2008.0,2026.0,345577.0,4625300.0,Calcàries de Tàrrega
QLSub - Com.Reg.Fond.-Nou,4.396653413528963,0.31350643392762967,0.03731992384671585,14.0,228.27785714285713,164.27,2007.0,2026.0,323736.0,4610945.0,Al·luvial d'Urgell
QLSub - Cooperativa Sant Roc,0.9465587647692869,0.29145260564316494,0.05686128355683159,13.0,222.6969230769231,37.900000000000006,2007.0,2026.0,323745.0,4612839.0,Al·luvial d'Urgell
QLSub - Cr Pou La Caramella,2.385166708142974,0.1074503286989052,0.004940681986526628,72.0,118.36069444444443,68.06000000000002,2000.0,2006.0,280948.8,4520123.1,Mesozoic de la Galera
QLSub - Ctra A Vilanova De B,0.2726008279595421,0.6550107154646766,0.0008033569687925201,13.0,293.4676923076923,4.6299999999999955,2008.0,2023.0,330904.0,4609808.0,Al·luvial d'Urgell
QLSub - Cubes Barbens(P-11),5.2142747928592375,0.17186437890810727,0.1802655929162232,12.0,256.7341666666667,242.38,2008.0,2026.0,334931.0,4616287.0,Al·luvial d'Urgell
QLSub - D-1-A (Tordera),-0.022525994933104528,0.006961427026803164,0.18588413637800325,253.0,8.607553359683795,11.639999999999999,2000.0,2024.0,479347.0,4615135.0,Al·luvials de la baixa i delta de la Tordera
QLSub - D-1-B (Tordera),-0.023985790692462833,0.006729660310996546,0.2722627181839171,181.0,8.120408839779005,14.3,2000.0,2024.0,479349.0,4615132.0,Al·luvials de la baixa i delta de la Tordera
QLSub - Dipòsit,0.5911821621611607,0.044349060340810695,0.009689531562483129,150.0,47.788133333333334,62.370000000000005,2000.0,2024.0,431287.64,4601512.18,Detrític neogen del Vallès
QLSub - Dragados,-0.0016408966246368498,0.000997944567919847,0.5610014062222426,341.0,0.4713489736070381,4.98,2000.0,2024.0,319249.0,4535002.0,l'Ametlla de Mar- Perelló
QLSub - El Vilar De Palau,0.8284955536972861,0.0971282570566512,0.16904897347417758,21.0,468.5923809523808,75.0,2003.0,2024.0,437689.0,4648467.0,Plana de Vic - Collsacabra
QLSub - Els Maiols,3.255636910959837,0.0013507623609160058,0.9145666811774709,11.0,605.3027272727272,691.8,2004.0,2011.0,440386.0,4631956.0,Plana de Vic - Collsacabra
QLSub - Entrada Os,0.1483669378062932,0.2757875857493396,0.053812137084031306,14.0,438.67,3.32000000000005,2014.0,2025.0,311305.0,4638197.0,Serres marginals catalanes
QLSub - Foix P-71,-1.5136192165834625,0.09470108262404904,0.026464320746162007,52.0,18.113615384615386,91.66,2008.0,2023.0,388010.0,4567059.0,Garraf
QLSub - Foix S-5,0.646186048197527,0.03388416317312821,0.02274279134466356,153.0,39.69679738562092,51.32000000000001,2000.0,2023.0,387400.0,4567732.0,Garraf
QLSub - Font Negra - Ajmt Berga,0.5212720989149934,0.7893063105294017,4.946387158223771e-05,13.0,904.2308461538462,9.999000000000024,2007.0,2026.0,403467.9,4662946.4,Conca alta de Cardener i Llobregat
QLSub - Font Vella (Principal),0.06855775539297013,0.10874363922911615,0.27119222402766974,13.0,379.95846153846156,2.6999999999999886,2008.0,2025.0,336081.95,4601688.39,N/D - Subterrània
QLSub - Francesc Ajuntament Sant Jaume,0.07929033663207839,0.07881962221448961,0.02349327294077105,65.0,193.16000000000003,5.860000000000014,2008.0,2026.0,467587.64,4673370.51,Baixa Garrotxa-Pla de l'Estany
QLSub - Futbol 1,0.2952974639729857,0.4853084544302802,0.005634781522573558,14.0,223.29071428571433,8.509999999999991,2007.0,2026.0,321490.0,4615844.0,Al·luvial d'Urgell
QLSub - Galliçans,0.30455545963497066,0.0720977909022834,0.3146361144002007,16.0,509.855625,36.0,2005.0,2026.0,435088.0,4649462.0,Plana de Vic - Collsacabra
QLSub - Gc-1-A (El Prat De Llobregat),-0.0018685816869744238,0.0046022352519147925,0.28143712925748543,254.0,0.4566141732283464,2.78,2000.0,2024.0,426519.0,4572027.0,Vall baixa i Delta del Llobregat
QLSub - Gc-1-C (El Prat De Llobregat),0.2666470051141794,0.4091044472147615,8.954013411303457e-32,264.0,-3.3704545454545456,15.93,2000.0,2026.0,426514.1,4572023.77,Vall baixa i Delta del Llobregat
QLSub - Granja D'Escarp,-0.7749560682748955,0.022889250432907175,0.6765206413295192,10.0,55.68599999999999,108.78,2007.0,2026.0,278378.0,4589163.0,Al·luvial del baix Segre_Cat
QLSub - Granja D'Ànecs,0.5454632621223832,0.08377498333982264,0.33746617638589305,13.0,94.46776923076924,31.5,2006.0,2025.0,477066.0,4646735.0,"Al·luvials del Ter Mig, Brugent i Llémena"
QLSub - Granja Jordali,4.944473441997611,0.5654968999655026,0.007598158401938819,11.0,308.0327272727273,103.89999999999998,2007.0,2023.0,340406.0,4613945.0,Al·luvial d'Urgell
QLSub - Granja Oliveres,2.656079670686715,0.2406218375802702,0.0329775985214303,19.0,56.344210526315784,99.77499999999999,2007.0,2026.0,487226.55,4657895.34,Detrític neogen de l'Empordà
QLSub - Granja Pradell,-0.02541236587744297,0.310428230214794,0.0249565483240111,16.0,306.5,1.1000000000000227,2003.0,2026.0,335974.0,4629599.0,N/D - Subterrània
QLSub - Granja Puigoriol,0.04695476273259935,0.017956208734772775,0.5230881454490828,25.0,497.17400000000004,12.569999999999993,2004.0,2026.0,435916.35,4641445.7,Plana de Vic - Collsacabra
QLSub - Granja Sant Salvador,10.275791260726542,0.3569097223279102,0.06817868462040064,10.0,306.07700000000006,283.0,2009.0,2026.0,321906.0,4595546.0,N/D - Subterrània
QLSub - Granja Siso,-0.10340058758707309,0.46648112569012756,0.020537530051337783,11.0,286.88545454545454,2.0500000000000114,2013.0,2025.0,286936.0,4620082.0,N/D - Subterrània
QLSub - Guinovart,-0.010847259735517875,0.015394444301388113,0.14268727620137348,141.0,86.48078014184397,2.5799999999999983,2000.0,2011.0,351882.54,4564805.09,Baix Camp
QLSub - Horta Can Canya,-0.030756731554664116,0.10930830557631971,0.29388019498041845,12.0,251.66833333333332,1.7199999999999989,2008.0,2026.0,421584.3,4601526.2,Detrític neogen del Vallès
QLSub - Humbert,-0.00466108202038668,0.003821763652845871,0.8200822126588917,16.0,98.718125,1.4299999999999926,2008.0,2026.0,288003.0,4596535.0,Al·luvial del baix Segre_Cat
QLSub - Inc-Roda,-1.6774042863416856,0.13762751004325463,5.936821136753371e-06,141.0,53.387517730496455,60.519999999999996,2000.0,2017.0,369784.0,4562211.35,Bloc del Gaià-Bonastre
QLSub - Iryda-B,0.05264752518723595,0.026302891447643695,1.6449252535184102e-11,1704.0,-0.1137625045631847,4.93,2000.0,2018.0,481166.0,4611815.0,Al·luvials de la baixa i delta de la Tordera
QLSub - K-1,0.051815001075108134,0.22123777139428524,9.6954402578342e-10,152.0,64.8043355263158,5.579999999999998,2000.0,2024.0,468157.24,4620777.43,Al·luvials de l'alta i mitjana Tordera
QLSub - L'Estany D'En Mirà Pou-2,-0.23774989334477276,0.14090655270580643,0.0026442541382190906,62.0,457.4087096774194,11.550000000000011,2008.0,2026.0,453879.57,4666681.31,Fluviovolcànic de la Garrotxa
QLSub - L'Estany Del Mirà 1 - Pou 1,0.15072852653016686,0.11328847241240507,2.1352030595527614e-84,3154.0,458.2604542954826,9.719158175000018,2007.0,2021.0,453899.17,4666692.11,Fluviovolcànic de la Garrotxa
QLSub - L-1 (Sant Feliu De Buixalleu),-0.0026537748322204555,0.004662610160577485,0.3570487474102856,184.0,65.45124456521741,2.8800000000000097,2000.0,2024.0,466924.23,4619664.43,Montseny-Guilleries
QLSub - La Rotllada 2,43.67983028189757,0.20242008371961032,0.16498965887767358,11.0,843.3036363636365,746.05,2007.0,2015.0,451441.94,4655354.88,Plana de Vic - Collsacabra
QLSub - Les Planes,-0.1366840474251318,0.10542770681046579,0.23768951664899882,15.0,288.728,8.370000000000005,2008.0,2026.0,328276.0,4606116.0,Al·luvial d'Urgell
QLSub - Les Rieres Del Pujolar,1.5398205703090053,0.013860945991496777,0.5586494828761304,27.0,426.1485185185185,494.37,2002.0,2026.0,441656.0,4648496.0,Plana de Vic - Collsacabra
QLSub - Les Solanes 2,2.1683600037131017,0.21597501262486957,0.08092078803753182,15.0,526.4046666666667,107.39999999999998,2007.0,2025.0,352897.0,4607176.0,Calcàries de Tàrrega
QLSub - M-1 (Sant Celoni),-0.020596979904122507,0.03156522702243439,0.0024773785187329465,288.0,78.99830555555555,5.890000000000001,2000.0,2024.0,463474.72,4618969.66,Al·luvials de l'alta i mitjana Tordera
QLSub - M-2 (Sant Celoni),-0.027243503428525228,0.07000231068154175,5.956355550297491e-06,285.0,81.89483157894736,5.420000000000002,2000.0,2024.0,462982.71,4618658.26,Al·luvials de l'alta i mitjana Tordera
QLSub - Mas Castany,0.10263936616001616,0.035591149415844986,0.3270397055386868,29.0,498.9720689655174,21.649999999999977,2002.0,2026.0,439227.0,4655606.0,Plana de Vic - Collsacabra
QLSub - Mas Ferrer,-0.016368468463013992,0.056536864377113104,0.4340700341156495,13.0,0.35615384615384615,1.26,2008.0,2024.0,513769.0,4652137.0,Fluviodeltaic del Baix Ter
QLSub - Mas La Cavalleria,-1.6377264090959862,0.7072329450928159,4.480635015915628e-05,16.0,422.401875,45.950000000000045,2004.0,2025.0,441769.0,4650024.0,Plana de Vic - Collsacabra
QLSub - Mas Nic,-0.21716426963319302,0.30562761158950585,3.838188762808025e-06,61.0,453.0159016393443,7.819999999999993,2008.0,2024.0,457349.58,4667523.28,Fluviovolcànic de la Garrotxa
QLSub - Mas Poquí - Pou 2,-0.03317294730106832,0.0021019300102143425,0.5660714972274791,159.0,455.4208176100629,12.600000000000023,2008.0,2026.0,454177.4,4668218.4,Fluviovolcànic de la Garrotxa
QLSub - Mas Rovelló,-0.006776000987406613,0.0010889521255255114,0.8933147235357319,19.0,489.9299999999999,4.149999999999977,2005.0,2026.0,442095.0,4652244.0,Plana de Vic - Collsacabra
QLSub - Mas Targarona,0.13932409174106583,0.03758651566055052,0.4127803114143115,20.0,552.013,22.0,2002.0,2026.0,441856.0,4657146.0,Plana de Vic - Collsacabra
QLSub - Mas Vellvespre,-0.08735811399292386,0.20560414035381505,4.4846485055720346e-11,191.0,344.8866492146597,4.9599999999999795,2008.0,2026.0,456831.62,4673322.39,Fluviovolcànic de la Garrotxa
QLSub - Mina Molí Frontera,-0.010441596834456704,0.05671115788495042,0.31198446884484543,20.0,507.6004999999999,1.25,2004.0,2026.0,441806.36,4641895.66,Plana de Vic - Collsacabra
QLSub - Mina Serrat Del Vent,0.8718115644716934,0.3286710351502564,0.06521286831416305,11.0,861.9090909090909,55.0,2004.0,2026.0,451785.45,4651566.6,Plana de Vic - Collsacabra
QLSub - Molí,-0.04864337563756989,0.06590844193408471,0.3971629616652319,13.0,451.94769230769236,3.009999999999991,2008.0,2025.0,335577.0,4596079.0,N/D - Subterrània
QLSub - Murugó,2.405313012385568,0.13045774119508521,0.24869371535884102,12.0,519.4391666666668,83.0,2013.0,2026.0,332806.0,4680547.0,Tremp-Isona
QLSub - N-1 (Gualba),0.06199064813715229,0.5176357593805457,9.317713037040063e-46,279.0,104.58329390681004,5.247,2000.0,2024.0,460161.0,4617237.0,Al·luvials de l'alta i mitjana Tordera
QLSub - Negral,5.439089656816816,0.31891719436212174,0.03537286363030011,14.0,183.55857142857144,201.7,2007.0,2026.0,320687.0,4616752.0,Al·luvial d'Urgell
QLSub - Nou Pou De Les Parets,0.07024252366405292,0.009492068391730677,0.7403865691025061,14.0,499.0714285714285,15.019999999999982,2008.0,2026.0,311982.0,4638790.0,Serres marginals catalanes
QLSub - Oriacarla,0.320546099454421,0.07387279083710882,0.2752510314652224,18.0,1.734138888888889,24.77,2005.0,2025.0,481226.0,4611835.0,Al·luvials de la baixa i delta de la Tordera
QLSub - P-1 (Sant Esteve De Palautordera),-0.033526147155496955,0.04867097006016896,0.00017842598449363065,284.0,264.6870422535211,7.470000000000027,2000.0,2024.0,452263.0,4618840.0,Al·luvials de l'alta i mitjana Tordera
QLSub - POU KEMMLIT (AJT. DE FALSET),0.10292371883513451,0.05516693880826316,0.0007900542557710863,201.0,315.32268656716417,21.96999999999997,2000.0,2024.0,316247.0,4557126.0,Priorat
QLSub - Palamós,4.675101283936564,0.3526259143151666,0.025156420550111483,14.0,652.2521428571428,169.14999999999998,2007.0,2026.0,364980.0,4610919.0,Calcàries de Tàrrega
QLSub - Partida La Coma,-0.0695702031893842,0.27074922105763943,0.08286676720458197,12.0,196.57416666666666,1.8700000000000045,2013.0,2025.0,307241.0,4617581.0,N/D - Subterrània
QLSub - Peralada-1,0.24030146053291243,0.5130592794001725,0.013152575077895476,11.0,14.576454545454546,7.289,2005.0,2025.0,500691.77,4684563.28,Fluviodeltaic del Fluvià - Muga
QLSub - Piezòmetre De Foix,0.270818047132743,0.015463718406676269,5.336085431128092e-05,1050.0,51.54065714285714,45.900000000000006,2000.0,2026.0,387094.79,4567964.53,Garraf
QLSub - Piezòmetre Marçà (Descampat),-0.030520111049665267,0.04281952749571824,0.0002440521656867718,310.0,279.50277419354836,12.95999999999998,2000.0,2024.0,314928.0,4555354.0,Priorat
QLSub - Piezómetre Solana (Pou Bertomeu),-0.37436632333623976,0.019477000313407218,0.11327999666733816,130.0,17.88692307692308,35.47,2000.0,2024.0,284050.1,4508234.65,Mesozoic de la Galera
QLSub - Pif B-6,0.005484393376219957,0.0001692407695513825,0.8694905952916092,162.0,55.69586419753086,12.340000000000003,2000.0,2024.0,346769.91,4557736.01,Baix Camp
QLSub - Pla De S'Abanell,0.4462882323279356,0.24347571383439337,0.07296689189552327,14.0,1.6094285714285717,15.98,2008.0,2025.0,481566.0,4612035.0,Al·luvials de la baixa i delta de la Tordera
QLSub - Plana,-0.06383501841084638,0.16642197633675607,0.16642845674759393,13.0,125.81384615384617,2.0,2011.0,2025.0,292649.0,4600142.0,N/D - Subterrània
QLSub - Plaça Martorell,0.05953131489666606,0.06801641285022536,0.0001649019991860208,204.0,1.595049019607843,13.629999999999999,2000.0,2021.0,370470.0,4561178.0,Baix Gaià
QLSub - Pou  Ajuntament De Marçà (Igme),0.831667638826469,0.2342121329543233,7.15782584220807e-06,78.0,270.4228205128205,18.44999999999999,2000.0,2004.0,317518.5,4554392.47,Fossa de Móra
QLSub - Pou 05 Matabens - Aigües De Mataró,0.03198184556285424,0.005381228711160347,0.7950092450378338,15.0,70.45796666666666,13.328500000000005,2004.0,2026.0,449281.0,4602345.0,Maresme
QLSub - Pou 1  Ajunt. De Massanes,-0.2583399189014931,0.13615992009065433,0.26409802097658164,11.0,65.40372727272727,16.53,2006.0,2026.0,470982.0,4624375.0,Plioquaternari de la Riera Santa Coloma
QLSub - Pou 1 - Ajmt Llagostera,0.21074299432656254,0.19208337815144094,0.10224198945583376,15.0,123.27873333333332,9.068999999999988,2007.0,2026.0,491113.0,4629724.0,Plioquaternari de l'Onyar
QLSub - Pou 1 - Casa De Colònies El Bosc De La Massana,1.5868387465534635,0.20220292926173536,0.19227591035985947,10.0,84.53,39.239999999999995,2013.0,2026.0,481423.0,4645113.0,Plioquaternari de l'Onyar
QLSub - Pou 1 Can Batllori,0.07454418870047742,0.07106911440211694,0.3368267229508257,15.0,91.7634,7.498999999999995,2006.0,2025.0,478839.0,4646385.0,"Al·luvials del Ter Mig, Brugent i Llémena"
QLSub - Pou 1 Canuto Vila,0.1153138301774679,0.08465529524811648,0.414732742925479,10.0,188.27500000000003,3.0,2005.0,2013.0,441057.13,4611764.62,Al·luvials del Vallès
QLSub - Pou 1 Del Mas El Colomer (Canova D'En Ribes),0.007551804635234331,0.002664898083416903,0.6977968664852277,59.0,346.9477966101695,2.5,2008.0,2026.0,455654.0,4673570.0,Fluviovolcànic de la Garrotxa
QLSub - Pou 1 Finca Cinc Sl,0.8577604459116842,0.10708045347707267,0.21602659778800118,16.0,66.4324125,67.186,2005.0,2025.0,464804.0,4619350.0,Al·luvials de l'alta i mitjana Tordera
QLSub - Pou 1 Gualta / Municipal (Interior),-0.11765491980079769,0.11694289847321036,0.3334553081790297,10.0,1.31,6.49,2005.0,2024.0,508514.55,4653530.17,Fluviodeltaic del Baix Ter
QLSub - Pou 1 Hortes Del Fluvià - Ajmt Besalú,-0.06165258547771538,0.5582102789655022,1.1046840122177475e-13,70.0,138.2465714285714,2.299999999999983,2008.0,2026.0,474359.7,4671726.2,Baixa Garrotxa-Pla de l'Estany
QLSub - Pou 1 La Pellota - Ajmt Òrrius (Urb. La Famada),-4.069354670372887,0.012031112753368989,0.7089440741135291,14.0,197.22321428571428,305.87,2002.0,2011.0,446084.0,4600114.0,Maresme
QLSub - Pou 1 Manso Mestre - Gesellschaft (Ex-Agriplant),-0.02376422725644155,0.0006384289719522103,0.8331368218748021,72.0,104.45875,5.469999999999999,2017.0,2024.0,488377.0,4632191.0,Plioquaternari de l'Onyar
QLSub - Pou 1 Mas Codinachs,1.1184458699900275,0.13498395437079236,0.09255041917500655,22.0,448.39818181818185,97.38999999999999,2004.0,2026.0,439819.0,4645853.0,Plana de Vic - Collsacabra
QLSub - Pou 1 Petit Ajmt Riudellots (Dipòsit),-0.526769985353541,0.12662620610014227,1.715303384434258e-05,139.0,79.80381294964029,42.21,2011.0,2026.0,483245.0,4639279.0,Plioquaternari de l'Onyar
QLSub - Pou 1 Pla De Cal Ros (Ajmt Fogars Selva - Nucli),0.010680486847222753,0.04636664469394917,0.5015115316429651,12.0,42.34250000000001,0.9582857142857009,2008.0,2025.0,472834.25,4621055.39,Al·luvials de l'alta i mitjana Tordera
QLSub - Pou 1 Platja D'Espolla,-0.3121350925356199,0.2593695061956461,0.13270486992209446,10.0,211.86610000000002,16.340000000000003,2005.0,2025.0,480741.6,4666288.4,Baixa Garrotxa-Pla de l'Estany
QLSub - Pou 1 Ricart,1.7953606135791094,0.0500014903297653,0.3171441742652647,22.0,595.8918181818182,257.0,2004.0,2026.0,441231.0,4637121.0,Plana de Vic - Collsacabra
QLSub - Pou 1 Tres Frares Sl - Els Ametllers,-0.02344048856046906,0.007762689913031165,0.20903673978777895,205.0,3.5471219512195122,29.5,2000.0,2024.0,313856.34,4533334.46,l'Ametlla de Mar- Perelló
QLSub - Pou 1 Urb. Aigües Bones (Ajmt Caldes Malavella),-0.3544145484728144,0.06799510713585234,0.002529261966497695,132.0,101.89727272727274,30.820000000000007,2011.0,2024.0,485735.0,4631728.0,Plioquaternari de l'Onyar
QLSub - Pou 1 Urb. Can Domènec - Ajmt Tordera [Can Domènec] / Aqualia,-6.180354774855113,0.07970190875516588,0.35002256766204387,13.0,242.7003846153846,207.01,2002.0,2011.0,468338.16,4610806.41,Maresme
QLSub - Pou 10 Exterior,0.07075713676111463,0.062261099253901234,2.1724715492326594e-05,283.0,75.96579505300355,9.88000000000001,2000.0,2024.0,376380.58,4567787.15,Sorres de Santa Oliva
QLSub - Pou 12 - Aigües De Mataró,-0.03202998428336015,0.004373623791410753,0.8300368236791142,13.0,44.17792307692308,11.741999999999997,2004.0,2023.0,450582.0,4600683.0,Maresme
QLSub - Pou 15 Massana - Aigües De Mataró,0.08533135545552296,0.15817422736784884,0.1590548550006119,14.0,1.2349642857142857,5.43,2004.0,2023.0,451785.4,4597694.9,Maresme
QLSub - Pou 1_Can Gabastrà (Busquets I Talleda Sl),-0.07670581773594437,0.18665306173434154,0.1404072615508721,13.0,119.93923076923078,2.9000000000000057,2012.0,2025.0,477609.37,4636093.08,Plioquaternari de l'Onyar
QLSub - Pou 2 (Cr Girona-Cr Barcelona) - Ajmt Òrrius,1.1363850638060313,0.001586534110189438,0.8972051863311779,13.0,189.9846153846154,268.1,2002.0,2011.0,446280.05,4600657.56,Maresme
QLSub - Pou 2 - Aigües De Palamós,0.7153987772556822,0.35134282600444977,0.07093553853087434,10.0,2.684,13.3,2013.0,2025.0,510809.8,4634486.0,Al·luvials de la Baixa Costa Brava
"QLSub - Pou 2 - Pa  Avinganya - Ferrer Casals, Basilio",-0.01431806056655135,0.02197525471822084,0.6456691947530484,12.0,-1.4341666666666668,1.3000000000000003,2013.0,2025.0,282247.73,4591796.79,Al·luvial del baix Segre_Cat
QLSub - Pou 2 Aguas Cuadradas Sl (Ajmt Montornès V.),0.09748089092441291,0.009499145394371843,0.7296798787003307,15.0,77.14933333333332,22.690000000000005,2009.0,2025.0,439615.0,4600198.0,Al·luvials del Vallès
QLSub - Pou 2 Canet - Ajmt Torroella De Montgrí,0.19324501483287057,0.03802434877872493,0.5436330948625785,12.0,3.0949999999999993,13.280000000000001,2012.0,2025.0,506546.56,4655570.19,Fluviodeltaic del Baix Ter
QLSub - Pou 2 Casa Daurella (Hekla),-0.5611348575364798,0.508482886208683,0.0041972377220169405,14.0,1127.5085714285713,17.789999999999964,2008.0,2026.0,409642.23,4697223.99,La Cerdanya
"QLSub - Pou 2 Hebron, Sa (Bassa Contraincendis)",-0.05212719440321601,0.02848536691703504,0.5815000106651602,13.0,40.85807692307693,8.049999999999997,2005.0,2025.0,433219.0,4595808.65,Al·luvials del Vallès
QLSub - Pou 2 Manso Mestre - Gesellschaft (Ex-Agriplant),0.9469456292496491,0.4976278516931435,8.956662331175625e-10,57.0,104.41666666666667,5.839999999999989,2017.0,2022.0,488470.0,4632181.0,Plioquaternari de l'Onyar
QLSub - Pou 2 Mas Aubert,-0.43841427963888624,0.03355418077168428,0.2578918280492485,40.0,462.02250000000004,8.199999999999989,2009.0,2013.0,453377.0,4666011.0,Fluviovolcànic de la Garrotxa
"QLSub - Pou 2 Refrigeració (Coop. Del Camp D'Ivars D'Urgell I Secció De Crèdit, Sccl)",-0.0481079536961976,0.08262469079414357,0.2803636389341716,16.0,268.798125,4.360000000000014,2003.0,2026.0,335260.0,4619778.0,Al·luvial d'Urgell
QLSub - Pou 2 Soc. Reg. Mina Dels Camps,-2.3928688857466294,0.1999348907368075,8.601035300195258e-08,131.0,173.0812213740458,143.97,2000.0,2024.0,337229.83,4561328.07,Llaberia - Prades meridional
QLSub - Pou 2 Tres Frares Sl - Els Ametllers,0.10251165729108795,0.22891191861063181,1.667829960124453e-08,125.0,0.15904,3.8099999999999996,2000.0,2016.0,314012.34,4533409.46,l'Ametlla de Mar- Perelló
"QLSub - Pou 2 Unitex, Sa - Po.5 - Pa.7,8,10b (J-1/Massanes)",0.003163757662837864,0.000688916089136277,0.7723010499534755,124.0,47.48579032258064,2.7040000000000006,2008.0,2024.0,471079.2,4621520.4,Al·luvials de l'alta i mitjana Tordera
QLSub - Pou 25 - Aigües De Mataró,1.0196504963804434,0.05418085191805999,0.4037993947163476,15.0,229.58673333333334,138.06,2002.0,2025.0,451844.07,4601759.52,Maresme
QLSub - Pou 26 Vilardell - Aigües De Mataró,0.8388542847429465,0.06206209260890602,0.39040297459552464,14.0,167.1299642857143,93.20049999999999,2004.0,2023.0,452214.5,4601021.7,Maresme
QLSub - Pou 3 (Pou Sarró),0.0886039231172887,0.08744949497667039,0.37728402458796595,11.0,621.8054545454545,3.599999999999909,2014.0,2024.0,365900.05,4613765.93,Calcàries de Tàrrega
QLSub - Pou 3 - Formigons Bm Sl (Mortero Ben Sec),-0.03876679273092199,0.034087742474057554,0.5459489646787824,13.0,83.84538461538462,5.189999999999998,2005.0,2025.0,438928.05,4601651.62,Al·luvials del Vallès
QLSub - Pou 3 Aguas Cuadradas Sl (Ajmt Montornès V.),-0.07215443610492397,0.3144346576978658,0.09174774232406126,10.0,76.066,1.6599999999999966,2013.0,2025.0,439402.0,4600020.0,Al·luvials del Vallès
QLSub - Pou 3 Ajuntament De Sabadell,0.13844399012911748,0.02059121131903855,0.6924857499337469,10.0,177.2894,9.400000000000006,2013.0,2026.0,423920.3,4603590.7,Al·luvials del Vallès
QLSub - Pou 3 Ajuntament Sils - Paratge Estany,-0.6153168643531446,0.2406398475791075,1.3407220838987784e-09,136.0,51.12198529411765,17.93,2013.0,2026.0,478384.2,4626685.06,Plioquaternari de la Riera Santa Coloma
QLSub - Pou 3 Manso Mestre - Gesellschaft (Ex-Agriplant),2.4288207285560053,0.7823232394742182,3.2978509908162046e-43,127.0,86.7779527559055,31.11999999999999,2011.0,2024.0,488540.36,4632189.29,Plioquaternari de l'Onyar
QLSub - Pou 3 Mas Garriga,-0.8076951461404744,0.32935312772070935,0.08277725557892435,10.0,99.86299999999999,17.89,2014.0,2025.0,485455.38,4636451.32,Plioquaternari de l'Onyar
QLSub - Pou 3 Nou Abast. Hostalric,1.3797843845520008,0.16688070936426352,0.16578853659700696,13.0,56.54634615384615,74.31,2008.0,2025.0,468568.0,4620645.0,Al·luvials de l'alta i mitjana Tordera
QLSub - Pou 3 Purac Bioquimica Sa (Fermentació),0.05573898011089716,0.031378904632292766,0.5626256462026937,13.0,68.89303846153847,8.930000000000007,2005.0,2024.0,437899.03,4599807.62,Al·luvials del Vallès
QLSub - Pou 3 Sabemsa (Pou Maria Feliu Valls 3),-0.3886635646566454,0.27598048327433267,0.11890720805143952,10.0,89.10156666666667,16.406999999999996,2007.0,2023.0,427983.4,4596639.6,Detrític neogen del Vallès
QLSub - Pou 3 Sant Andreu Central Besòs,0.18562455752567827,0.01783152290393979,0.052197223191102544,212.0,14.065424528301886,55.31,2008.0,2019.0,432348.0,4589833.0,Baix Besòs i Pla de Barcelona
QLSub - Pou 3 Urb. Can Domènec - Ajmt Tordera,-15.000246628191563,0.15325792302260768,0.2337946265187186,11.0,236.27454545454546,316.61,2002.0,2010.0,468385.17,4611193.41,Maresme
QLSub - Pou 4 (Borda Caseta) - Germà Chaffard / Ajmt. Caldes Montbui (Gmssa),0.0647241942686341,0.005206677313159035,0.8063524088408183,14.0,219.57435714285717,18.22,2007.0,2025.0,431443.0,4609612.0,Prelitoral del Vallès
QLSub - Pou 5 Font Del Buc A - Larimac Dos Sl (Reserva),0.7458111217451768,0.0016836942166959308,0.9046543663926769,11.0,563.6581818181818,155.51999999999998,2004.0,2011.0,437194.0,4632220.0,Moianès-Sant Llorenç del Munt
QLSub - Pou 7 Aj_Ca-Pa,-0.048535052980663546,0.016014129738066218,0.6951303450264706,12.0,5.2266666666666675,5.609999999999999,2008.0,2024.0,503104.0,4628567.0,Al·luvials de la Baixa Costa Brava
QLSub - Pou 7 Casanovas - Larimac Dos Sl,0.2071827744335527,0.006955676584170429,0.7966476961884863,12.0,582.9291666666667,21.07000000000005,2004.0,2011.0,436977.0,4632427.0,Moianès-Sant Llorenç del Munt
QLSub - Pou 8 (Boehringer Ingelheim España Sa),0.5464001657328127,0.25781969307534836,0.09193701095242394,12.0,-4.429458333333334,24.360000000000003,2008.0,2025.0,479631.0,4610864.0,Al·luvials de la baixa i delta de la Tordera
QLSub - Pou 8 Metis Sl  -Càmping Nàutic Almata-,0.05948643231859307,0.03381307317339647,0.5118092247165802,15.0,-1.2846666666666668,2.43,2017.0,2026.0,507388.7,4672883.2,Fluviodeltaic del Fluvià - Muga
QLSub - Pou Abastament Bitem - Ajuntament De Tortosa,-0.0867837747710591,0.27094216104975394,1.935689440227422e-11,145.0,-1.6255862068965516,11.649999999999999,2000.0,2024.0,292204.0,4525785.0,Cardó - Vandellòs
QLSub - Pou Abastament Darmós,-0.3456951951126943,0.04812041679475176,0.0006373706291133448,239.0,19.020606694560666,150.35,2002.0,2026.0,308078.1,4551680.8,Fossa de Móra
QLSub - Pou Abastament Torre Fontaubella,-0.4387680121488829,0.014219332514874969,0.04821157101202512,275.0,289.8792363636364,213.53,2000.0,2024.0,319165.51,4554883.45,Fossa de Móra
QLSub - Pou Abocador Comarcal De Beuda-Can Maholà,0.044841586117263396,0.00864113533749429,0.21071427271383195,183.0,220.0365573770492,22.349999999999994,2008.0,2026.0,476107.0,4674302.0,Conca alta del Fluvià
QLSub - Pou Aca 2002.05.01,-0.01925397129721728,0.0004628731924811465,0.44257169766429627,1276.0,1.2316849529780565,45.185,2008.0,2024.0,481193.0,4612419.0,Al·luvials de la baixa i delta de la Tordera
QLSub - Pou Aca 2002.05.02,-0.013384908313154344,0.001031296356009988,0.3258612257095067,938.0,0.9087579957356078,12.655000000000001,2008.0,2024.0,481183.0,4612419.0,Al·luvials de la baixa i delta de la Tordera
QLSub - Pou Aca 2002.06.01,-0.14542179903202226,0.06400502127032581,0.01152005639738726,99.0,0.26617171717171717,2.9160000000000004,2015.0,2024.0,480500.0,4612043.0,Al·luvials de la baixa i delta de la Tordera
QLSub - Pou Aca 2002.06.02,-0.18029790923251868,0.06968977726570388,0.008283200425819127,99.0,0.258,3.3200000000000003,2015.0,2024.0,480490.0,4612043.0,Al·luvials de la baixa i delta de la Tordera
QLSub - Pou Aigua Picant,1.3156883811972717,0.019018379665806176,0.7040002660981699,10.0,175.481,124.22,2002.0,2013.0,447009.04,4598510.55,Maresme
QLSub - Pou Aj.Vilobi Salitja,2.070220506839922,0.3074961058659637,0.00030310998007312284,38.0,123.65473684210524,20.980000000000004,2011.0,2016.0,479311.0,4639595.0,Plioquaternari de l'Onyar
QLSub - Pou Aj_Vilobi_Urb. Can Tarré,1.4405057096100238,0.07851937618621943,0.27599678637437497,17.0,103.66764705882352,13.780000000000001,2011.0,2013.0,476343.0,4637482.0,Plioquaternari de l'Onyar
QLSub - Pou Ajuntament D'Amposta (Dipòsit),-0.02352225305876521,0.02513912730474515,0.012777377592965055,246.0,4.839024390243903,7.32,2000.0,2024.0,293868.12,4509135.58,Mesozoic de la Galera
QLSub - Pou Ajuntament De Garcia,0.06036892343202373,0.25216572995863096,0.13912755943946115,10.0,21.349,2.75,2002.0,2026.0,302642.0,4556380.0,Fossa de Móra
QLSub - Pou Ajuntament El Molar (Figueretes),-0.4444780669085719,0.35712756568561455,1.1968786889110144e-13,127.0,35.880393700787394,19.389999999999997,2000.0,2017.0,306542.53,4560146.56,Fossa de Móra
QLSub - Pou Ajuntament El Molar (Les Roques),-0.22716702593449173,0.022811109599008283,0.011998237170653629,276.0,57.737137681159425,173.75,2000.0,2024.0,307071.0,4559822.0,Fossa de Móra
QLSub - Pou Al Paratge La Casica De L'Abad Obrador (Pou De Mieres),7.615220169767956,0.3695088581316128,0.02752704821488423,13.0,343.8384615384615,33.89999999999998,2008.0,2012.0,468611.0,4662728.0,Baixa Garrotxa-Pla de l'Estany
QLSub - Pou Amsa 1,-0.09113747074958185,0.09708885101877929,0.3000393587686598,13.0,49.476269230769226,8.0,2005.0,2025.0,434837.0,4596746.64,Al·luvials del Vallès
QLSub - Pou Anglès Tèxtil Sa,0.07380929092884296,0.07267512694904314,0.3730834291867047,13.0,124.07384615384613,5.579999999999998,2008.0,2026.0,471827.43,4645453.44,"Al·luvials del Ter Mig, Brugent i Llémena"
"QLSub - Pou Antic Gravera, Barranc De L'Anguera",2.9638505713867667,0.4396174369355634,0.036644681952358676,10.0,261.84499999999997,71.18,2008.0,2026.0,314451.0,4557641.0,Priorat
QLSub - Pou Antolí,0.09379903807632053,0.08437192516186696,0.3356725739135321,13.0,542.5846153846153,6.240000000000009,2008.0,2026.0,362173.0,4609594.0,Calcàries de Tàrrega
QLSub - Pou Areny 2 (Ajmt Terrassa),0.09256064575061267,0.09647376442010024,1.181334164515874e-07,279.0,58.182652329749104,9.709999999999994,2000.0,2024.0,409277.0,4598220.0,Cubeta d'Abrera
QLSub - Pou Areny 3bis - Ajmt Terrassa,0.05774012250578715,0.0632233703327626,2.1421597580747805e-05,279.0,57.45089605734767,7.780000000000001,2000.0,2024.0,409347.25,4598113.52,Cubeta d'Abrera
QLSub - Pou Areny 5bis - Ajmt Terrassa,0.08634356109551605,0.08117480974463398,1.2534835359026695e-06,280.0,58.19342857142857,11.669999999999995,2000.0,2024.0,409247.0,4598377.0,Cubeta d'Abrera
"QLSub - Pou Arribas Center, Sl",0.17409804560155506,0.20990270040447986,0.13417081772479786,12.0,-1.2435,11.530000000000001,2004.0,2026.0,447815.0,4594140.0,Maresme
QLSub - Pou Benaula - Ajmt Caldes De Malavella,0.2747046743893664,0.5906009328888858,0.005719188401774078,11.0,104.64281818181817,7.528999999999996,2007.0,2026.0,485224.2,4632852.6,Plioquaternari de l'Onyar
QLSub - Pou Bertolins (Ajuntament Del Perelló),-0.09881716129277127,0.01702421983657218,0.20756427940421623,95.0,10.133157894736843,16.59,2000.0,2009.0,305208.29,4528521.52,l'Ametlla de Mar- Perelló
"QLSub - Pou Bertomeu (Pol 2, Par 4)",-0.13789946936255015,0.022971246112633077,0.04589179842506017,174.0,4.419787356321838,40.339999999999996,2000.0,2022.0,298480.0,4517823.0,Cardó - Vandellòs
QLSub - Pou Bonàrea Les Tàpies,0.020263297738984384,0.007160331996541364,0.15941429500467305,278.0,1.3630575539568346,30.56,2000.0,2024.0,324339.17,4541661.38,Baix Camp
QLSub - Pou C - Aigües De Palamós,0.020404456779529397,0.00036626787542933995,0.9581506791887409,10.0,-2.8560000000000003,14.5,2013.0,2025.0,510356.4,4633995.13,Al·luvials de la Baixa Costa Brava
QLSub - Pou C Can Dalmau - Ajmt Sant Hipòlit De Voltregà,0.10619248553908625,0.07523431633919661,0.2557916929611344,19.0,476.6247368421053,14.399999999999977,2004.0,2026.0,437202.0,4653311.0,Plana de Vic - Collsacabra
QLSub - Pou C42 - Aigües De Blanes,0.11285521418718925,0.023997021596755486,0.5393695923338279,18.0,-0.5616388888888889,8.79,2013.0,2026.0,480318.19,4612501.32,Al·luvials de la baixa i delta de la Tordera
QLSub - Pou Ca L'Olivé - Ajmt Arenys De Munt,-0.16394673243625543,0.3279980430250987,0.0655523994859076,11.0,167.20468181818183,7.268499999999989,2002.0,2025.0,462479.13,4607744.45,Maresme
"QLSub - Pou Ca La Pona - Flint Group Iberia, Sa",-0.08919670707057663,0.24943400580292785,0.029470864117541157,19.0,85.24157894736841,4.700000000000003,2005.0,2025.0,440541.05,4600977.61,Al·luvials del Vallès
QLSub - Pou Calderer - Ajmt La Garriga,2.364708185282281,0.30419182151158847,0.03306171866489976,15.0,223.20353333333333,94.1,2009.0,2026.0,440139.15,4615042.63,Al·luvials del Vallès
QLSub - Pou Camp Torre D'En Curós,0.1771065365602997,0.07370360068433589,3.357827801228849e-93,5480.0,459.1446644735295,13.32567247999998,2007.0,2022.0,455021.0,4665614.0,Fluviovolcànic de la Garrotxa
QLSub - Pou Camping Marcos,0.0037887544696916207,0.005373678826182585,0.8033258816411496,14.0,1.8517857142857141,1.11,2004.0,2023.0,464038.1,4603670.43,Maresme
QLSub - Pou Camps De Sant Crist  (Abastament De L'Escala),-0.05824699108752463,0.002326432649105171,0.8816687597952937,12.0,6.825,14.799999999999999,2013.0,2025.0,508263.15,4660932.85,Fluviodeltaic del Baix Ter
QLSub - Pou Camí De Les Boreges A Golmés (Francesca Visa),-0.04349658633796624,0.02242421421888114,0.09030121348374975,129.0,266.7996124031008,6.319999999999993,2012.0,2025.0,326454.43,4608423.98,Al·luvial d'Urgell
QLSub - Pou Can Beató - Ajmt Arenys De Munt,0.011700581757345067,0.00011081248859047133,0.9769752835215709,10.0,77.48205,23.129000000000005,2009.0,2025.0,461719.12,4606119.45,Maresme
QLSub - Pou Can Bonet (Nucli) - Ajmt Sant Martí Vell,0.25845394841972746,0.39598681840405386,0.051253600723692956,10.0,61.9,6.729999999999997,2013.0,2026.0,494129.0,4651827.0,Fluviodeltaic del Baix Ter
QLSub - Pou Can Carbonell: R-1,-0.0056228403429294666,0.0040305501334042424,0.4545167958850228,141.0,168.98404255319147,2.5600000000000023,2000.0,2012.0,455380.0,4615083.0,Al·luvials de l'alta i mitjana Tordera
QLSub - Pou Can Comes,0.12938778602320836,0.13034559295300707,0.20471630856744064,14.0,107.77507142857142,8.0,2006.0,2025.0,479116.0,4636895.0,Plioquaternari de l'Onyar
QLSub - Pou Can Conill Gros,0.03777011767552914,0.09605186150693452,0.28088060663073183,14.0,37.129999999999995,1.9099999999999966,2008.0,2026.0,491307.0,4654745.0,Fluviodeltaic del Baix Ter
QLSub - Pou Can Duran,-1.1424255072528475,0.6776852130335326,0.0034317134103428537,10.0,46.49515,31.970000000000002,2004.0,2023.0,464032.11,4605044.43,Maresme
QLSub - Pou Can Fajas (Pou Cal Fages),0.06283774482799988,0.14331867267153914,0.28069721761935584,10.0,436.701,2.080000000000041,2013.0,2025.0,389983.28,4642833.05,Detrítics terciaris del Llobregat mig
QLSub - Pou Can Jordana,0.00515028696209711,0.0008167237032278577,0.7180991115778659,162.0,-0.9210462962962962,15.7,2000.0,2024.0,444223.99,4592754.56,Maresme
QLSub - Pou Can Lloveres,-0.8629032572524823,0.7890301303509254,9.728530698218812e-06,15.0,3.7678666666666674,16.4,2004.0,2025.0,457095.07,4600754.48,Maresme
QLSub - Pou Can Mestre,0.12423410145136433,0.007518587544538491,0.7086066295120625,21.0,31.31478571428571,39.36,2003.0,2025.0,474056.18,4611424.37,Maresme
QLSub - Pou Can Quel Vinyes / Can Quel Vinyes - Casa Prats,0.09835614717914239,0.015136294957029625,0.7032594640512713,12.0,101.47833333333334,10.700000000000003,2012.0,2025.0,487203.0,4639312.0,Plioquaternari de l'Onyar
QLSub - Pou Can Rafart I - Ajmt Vilassar De Dalt,0.04998963777727215,0.003068484895966205,0.879196966219937,10.0,105.82500000000002,9.700000000000003,2002.0,2011.0,446631.02,4596589.55,Maresme
QLSub - Pou Can Serra,-0.5039678987246885,0.3801471862580644,0.01885645857996846,14.0,-2.2007857142857143,18.219,2003.0,2025.0,455776.06,4600055.49,Maresme
QLSub - Pou Can Singla 1,0.10474700102009549,0.2052680539473763,9.315781697173897e-82,1599.0,61.20510006253909,8.240000000000002,2000.0,2024.0,408844.0,4598726.0,Cubeta d'Abrera
QLSub - Pou Can Villaro 1 (Comajuncosa),-0.04511959413990351,0.19418383452848342,0.1749245488131077,11.0,609.5572727272728,1.42999999999995,2013.0,2025.0,379456.03,4651361.85,N/D - Subterrània
QLSub - Pou Cantallops / Vinya Vella,-0.11198503419151705,0.04654875921597669,0.4789898532444742,13.0,167.8439230769231,9.030000000000001,2007.0,2026.0,494832.85,4696260.34,Conca alta de la Muga
QLSub - Pou Caritat,0.0769506749110751,0.01580877335211274,0.7292661544227921,10.0,116.596,10.349999999999994,2002.0,2021.0,340755.57,4558459.3,Baix Camp
"QLSub - Pou Carlos Casals - Industrias Murtra, Sa",-0.09712237982411182,0.16947106600908637,0.11312630332456804,16.0,130.52196875,6.710000000000008,2007.0,2025.0,439664.08,4606015.62,Al·luvials del Vallès
QLSub - Pou Casa De Camp 72-1,0.015008013400443405,0.004443594851404246,0.8456027775995768,11.0,-1.4255000000000002,5.7115,2004.0,2022.0,448514.01,4595275.54,Maresme
QLSub - Pou Casa Nova D'Onyar / Casa Nova D'Onyar,0.004856788045249836,0.00029014455006231877,0.9603555630161222,11.0,113.50090909090909,3.3000000000000114,2013.0,2025.0,478496.0,4637915.0,Plioquaternari de l'Onyar
QLSub - Pou Casavella (Sorea),0.05553722453442091,0.00888820737344957,0.7010499942037162,19.0,269.43386842105264,17.279999999999973,2007.0,2026.0,444299.14,4613206.6,Detrític neogen del Vallès
QLSub - Pou Castellnou De Seana,0.06208208309395388,0.11670230388674964,0.303845799203746,11.0,270.7463636363636,2.9599999999999795,2012.0,2026.0,329956.0,4611846.0,Al·luvial d'Urgell
QLSub - Pou Catedral-2,-0.5147400134290748,0.05289007879588675,0.003542896659530902,159.0,176.94792452830188,95.0,2008.0,2026.0,287493.39,4546197.68,Fossa de Móra
QLSub - Pou Central 1 (Magí) - Ajmt Tossa De Mar,-0.0015334161285686509,1.1157562184524958e-05,0.9926931889981307,10.0,-2.4539999999999997,4.58,2016.0,2026.0,494029.0,4619063.0,Al·luvials de la Baixa Costa Brava
"QLSub - Pou Chocolates Torras, Sa (Soterrani)",0.28596234336206905,0.5537319446155378,0.003535711709972228,13.0,116.18238461538462,8.308999999999997,2007.0,2026.0,482686.57,4660965.38,Detrític neogen de l'Empordà
"QLSub - Pou Comercial Quimica Sarasa, Sl  (Est Establiment)",-0.10100169330590367,0.06185767669123468,0.4608388799268358,11.0,42.89272727272727,5.859999999999999,2010.0,2025.0,487697.52,4654436.33,Detrític neogen de l'Empordà
QLSub - Pou Comunitat Bellvespre,0.02376851291214223,0.006790657393338792,0.5422580737726466,57.0,344.67894736842106,1.8500000000000227,2008.0,2013.0,456932.0,4673253.0,Fluviovolcànic de la Garrotxa
QLSub - Pou Comuns Ii - Ajmt L'Escala,-0.0015761137836730313,0.00017692994390097207,0.9672735569662971,12.0,2.5341666666666667,1.8599999999999999,2012.0,2025.0,508985.0,4661812.0,Fluviodeltaic del Baix Ter
QLSub - Pou Conques (Artesià),1.0784463451232917,0.443285092636309,4.969402529008439e-24,177.0,611.1773514124294,57.49000000000001,2006.0,2026.0,335885.6,4665195.9,Tremp-Isona
QLSub - Pou Cornell - Ajmt Arenys De Munt,-0.11709137528744595,0.013245086302665618,0.6829625109227953,15.0,140.82023333333333,29.599999999999994,2003.0,2023.0,460697.12,4607235.46,Maresme
QLSub - Pou Cr La Paridora Del Lloro,-0.03074198551594715,0.000846565987714301,0.7175517799030618,157.0,43.092611464968144,41.99,2000.0,2017.0,281600.2,4522382.69,Mesozoic de la Galera
QLSub - Pou Cr Mig Cami (Barranc De La Llet),-0.030828138367408425,0.021218577514182553,0.02431210408719673,239.0,6.447071129707113,24.810000000000002,2000.0,2024.0,292132.0,4519083.0,Cardó - Vandellòs
QLSub - Pou Cr Tereoles,2.352663008705596,0.7813869976811147,8.327639522056801e-21,60.0,30.46833333333333,13.579999999999998,2000.0,2005.0,284270.24,4527006.68,Mesozoic de la Galera
QLSub - Pou Cr Ulldecona 3 (Sant Joan Del Pas I),-2.395085849443771,0.043860140909534454,0.06755035006325565,77.0,19.67831168831169,181.39999999999998,2000.0,2006.0,278875.0,4498612.0,Plana de la Sènia_Cat
QLSub - Pou Croses Exterior - Ajmt Caldes De Malavella (Prodaisa),0.2972340675898408,0.03256761018273373,0.03286755649123531,140.0,97.46599999999998,26.840000000000003,2011.0,2024.0,485347.36,4633346.32,Plioquaternari de l'Onyar
QLSub - Pou D'En Costat (Nou) / La Coromina,-0.0012683512062142063,0.00010229422770462805,0.9751133227780173,12.0,17.001666666666665,1.9299999999999997,2012.0,2026.0,500560.0,4658596.0,Paleògens del Baix Ter
QLSub - Pou D'Oix - Ajmt Montagut I Oix,0.30025924418939154,0.03264766023144539,0.1260753885000402,73.0,377.949191780822,46.06,2007.0,2026.0,461164.0,4680165.0,Conca alta del Fluvià
QLSub - Pou D'Ondara,-0.014643004168119986,0.038787986922101336,0.5395335934974205,12.0,458.50916666666666,1.1499999999999773,2012.0,2026.0,355751.19,4613762.7,Calcàries de Tàrrega
QLSub - Pou Darder 16 Aj_Sfg,0.010250547706070319,0.000431442867220997,0.9516646231897503,11.0,11.108181818181817,6.5,2013.0,2024.0,500940.15,4628372.39,Al·luvials de la Baixa Costa Brava
QLSub - Pou De Baix Saladern (Segura),-0.07800332354348456,0.25967862462792074,0.07526242889375263,13.0,634.5946153846154,3.509999999999991,2008.0,2025.0,355180.91,4600101.25,N/D - Subterrània
QLSub - Pou De Cal Llorenç De L'Ajuntament De Roda De Barà,-3.254532145449747,0.6779659024219338,4.442207263078796e-53,210.0,91.21014285714286,95.58999999999999,2000.0,2023.0,370156.0,4563119.0,Bloc del Gaià-Bonastre
QLSub - Pou De Can Casals,-2.781865603449263,0.7295799991036114,1.2775080264261858e-05,17.0,63.54352941176471,5.119999999999997,2022.0,2024.0,373556.69,4567264.06,Bloc del Gaià-Bonastre
QLSub - Pou De Can Cosme - Ajmt Arenys De Munt,1.499551513936642,0.09107889998997686,0.2943478536693271,14.0,105.34207142857142,155.091,2002.0,2023.0,461305.12,4606963.46,Maresme
QLSub - Pou De Civit,-0.09063992927034818,0.11043936673718022,0.22620280999138223,15.0,677.4886666666666,5.5499999999999545,2008.0,2026.0,365061.0,4604077.0,N/D - Subterrània
"QLSub - Pou De Fonolleres (Conegut Com ""Font De La Vila"")",0.1247846119875784,0.26912787624240353,0.10202962713184027,11.0,408.13545454545454,1.3500000000000227,2019.0,2025.0,350567.0,4613142.0,Calcàries de Tàrrega
QLSub - Pou De Font Sobirana,2.958583123008819,0.32051783538674167,0.08799309508482255,10.0,691.7520000000001,95.0,2007.0,2023.0,358903.0,4604750.0,Calcàries de Tàrrega
QLSub - Pou De L'Aranyó 2,-0.009614057594506462,0.006912497886973695,0.7510618949989292,17.0,426.47999999999996,2.079999999999984,2010.0,2025.0,351832.18,4619057.78,Calcàries de Tàrrega
QLSub - Pou De La Canya / Cuní,0.05852872712170082,0.11474316766481676,0.005048586763360888,67.0,376.4488059701493,6.399999999999977,2008.0,2026.0,458145.0,4672531.0,Fluviovolcànic de la Garrotxa
QLSub - Pou De La Colomera,-0.4133337887072716,0.013524948349378198,0.7490136304847923,10.0,421.03600000000006,65.16000000000003,2006.0,2026.0,383831.0,4593021.0,Carme-Capellades
QLSub - Pou De La Mina,0.030145353665580167,0.011634266396866526,0.6909145312113898,16.0,353.3825,3.7700000000000387,2012.0,2026.0,311187.1,4634645.6,Serres marginals catalanes
QLSub - Pou De La Pinya,0.039361953212565616,0.0014590543313644613,0.7607465935049067,66.0,457.0471212121212,17.299999999999955,2005.0,2026.0,453799.16,4669093.61,Fluviovolcànic de la Garrotxa
QLSub - Pou De La Serra,1.1597337849692402,0.13661363530897297,0.26324195534940614,11.0,836.6909090909091,38.680000000000064,2002.0,2019.0,427706.45,4657245.79,Plana de Vic - Collsacabra
QLSub - Pou De La Sínia,0.07633111609849819,0.028924645538256764,0.5445244128914011,15.0,431.2933333333333,6.779999999999973,2008.0,2025.0,342726.0,4602871.0,N/D - Subterrània
QLSub - Pou De Les Escoles - Ajmt St Miquel Campmajor,0.01809054854819808,0.01593071277542762,0.6958918435541217,12.0,215.55500000000004,2.030000000000001,2013.0,2026.0,473907.57,4663782.45,Baixa Garrotxa-Pla de l'Estany
QLSub - Pou De Les Oluges Núm. 2 (Cervera),1.3965099334427242,0.3921179468885678,0.02937346521881116,12.0,500.4841666666666,40.93000000000001,2007.0,2023.0,360496.44,4617210.84,Calcàries de Tàrrega
QLSub - Pou De Les Oluges Núm. 6 (Cervera),0.4164693014013742,0.0057814859445797055,0.25390023864871347,227.0,500.0367635829662,532.28,2002.0,2025.0,360432.0,4617214.0,Calcàries de Tàrrega
QLSub - Pou De Merea,0.7622243072019741,0.01669267776885124,0.12541891071051228,142.0,686.6080633802817,315.59000000000003,2008.0,2025.0,340492.0,4658458.0,Tremp-Isona
QLSub - Pou De Montfalcó,-0.04282971934265763,0.052280296343372244,0.43171302348792395,14.0,526.8157142857143,4.099999999999909,2008.0,2026.0,361689.04,4615967.23,Calcàries de Tàrrega
QLSub - Pou De Palautordera (Sorea) - Ajmt St Celoni,3.0352475055944397,0.15721625768512512,0.17980800370627736,13.0,168.9113846153846,159.59,2008.0,2025.0,454706.7,4615421.9,Al·luvials de l'alta i mitjana Tordera
QLSub - Pou De Riber,4.1628955747262335,0.1545664394195196,0.14713888200452768,15.0,411.8213333333333,236.3,2007.0,2026.0,354671.0,4621338.0,Calcàries de Tàrrega
QLSub - Pou De Solà,-0.05024159453978991,0.025978621270416793,0.5660618953670882,15.0,285.9146666666667,6.3799999999999955,2008.0,2026.0,329821.0,4608510.0,Al·luvial d'Urgell
QLSub - Pou De Sudanell,0.3597309784544637,0.21426524859972823,0.053062061192020483,18.0,122.06888888888888,20.090000000000003,2007.0,2026.0,297039.0,4604345.0,Al·luvial del baix Segre_Cat
QLSub - Pou De Vilanova De La Barca,-0.07102849200875981,0.39392960382592834,0.021642976635172652,13.0,174.3353846153846,2.259999999999991,2003.0,2026.0,310768.98,4618433.62,Al·luvial del baix Segre_Cat
"QLSub - Pou Del Camp D'Ivars D'Urgell I Secció De Crèdit, Sccl",-0.02194469874354989,0.013331022410072342,0.7208503307484744,12.0,261.9166666666667,2.6499999999999773,2014.0,2026.0,332339.69,4616212.75,Al·luvial d'Urgell
QLSub - Pou Del Carrer Roma,0.2908145374447106,0.2310194111265979,7.69344449074431e-13,198.0,0.4677272727272725,15.41,2000.0,2023.0,370662.0,4560760.0,Baix Gaià
QLSub - Pou Del Mercat - Ajmt Llançà,0.17368489607042786,0.4372518903543897,0.007266310881016442,15.0,-0.7533333333333333,3.6799999999999997,2013.0,2026.0,512351.0,4690267.0,Al·luvials de l'Albera i Cap de Creus
QLSub - Pou Del Molinet,0.026493763608003502,0.06526892028412916,0.3780208204028659,14.0,369.1492857142857,1.259999999999991,2010.0,2025.0,335786.0,4602167.0,Calcàries de Tàrrega
QLSub - Pou Del Poliesportiu-Bressui (Sort),0.3061926045674306,0.1181891715893203,0.30058409416644055,11.0,673.8927272727273,9.850000000000023,2013.0,2026.0,346071.0,4696720.0,Massís Axial Pirenaic_Cat
QLSub - Pou Del Riu 1 (Tremp),0.282780328384162,0.5730353953049956,0.006988037200833928,11.0,416.1418181818182,5.110000000000014,2013.0,2026.0,326905.23,4670765.42,Tremp-Isona
QLSub - Pou Del Riu Sió,0.04360820111566173,0.057270158472831775,0.40993083385725704,14.0,335.4314285714286,2.8000000000000114,2012.0,2026.0,343806.0,4626646.0,N/D - Subterrània
QLSub - Pou Del Vernedot,-0.09246450556870693,0.1354399638193061,0.23919046632286242,12.0,504.325,3.109999999999957,2013.0,2026.0,332981.18,4679764.7,Tremp-Isona
QLSub - Pou Dels Horts,-0.08979756047472325,0.21932755045167712,0.1722083464783896,10.0,408.6435,2.534999999999968,2010.0,2025.0,353476.46,4623573.54,Calcàries de Tàrrega
QLSub - Pou Dels Traiters,8.077514463709369,0.28604811828384336,0.03279394253723902,16.0,287.06062499999996,322.65,2007.0,2025.0,349783.23,4642639.92,Al·luvial del Segre mitjà
QLSub - Pou Donadeu - Central La Llagosta (Sgab),-2.607458003156379,0.9012117583814176,7.784574778339171e-153,302.0,19.5682119205298,45.029999999999994,2000.0,2019.0,433671.0,4595759.0,Al·luvials del Vallès
QLSub - Pou Dyna - Ajmt La Garriga,0.559367496589611,0.3336839933658083,0.003894983039193715,23.0,222.1387608695652,21.0,2005.0,2026.0,440153.15,4614989.63,Al·luvials del Vallès
"QLSub - Pou Ecologia Quimica, Sa",-0.04437092530135959,0.040618083091651075,0.5090808457378587,13.0,93.63476923076925,4.519999999999996,2008.0,2025.0,461394.0,4618124.0,Al·luvials de l'alta i mitjana Tordera
QLSub - Pou El Rieral,1.223681668466768,0.03237193462445646,0.36917294488945274,27.0,558.464074074074,239.0,2003.0,2026.0,432468.32,4639329.73,Plana de Vic - Collsacabra
QLSub - Pou El Roquet,0.12654592579142454,0.04547456517027627,0.39553779116410315,18.0,496.1122222222223,9.900000000000034,2008.0,2024.0,443856.0,4644796.0,Plana de Vic - Collsacabra
QLSub - Pou Els Lladrers,-0.1436748081914859,0.012220122986036112,0.7323405618523426,12.0,1192.8108333333334,21.7199999999998,2013.0,2026.0,409606.69,4692795.98,La Cerdanya
QLSub - Pou Embassament - Ajmt Sobremunt,1.7376601662227404,0.0048217292921706985,0.8216617776272034,13.0,784.97,308.29999999999995,2002.0,2013.0,430994.8,4653648.82,Plana de Vic - Collsacabra
QLSub - Pou Erns Müller Armin,-0.014728220838892423,0.0001172229530710577,0.9193276465351667,90.0,7.162333333333332,72.47,2000.0,2024.0,289226.11,4508633.61,Mesozoic de la Galera
QLSub - Pou Estrella Núm 01 Sgab,-0.2786283660140607,0.1689413138542182,2.889207404385612e-05,97.0,1.9772164948453608,8.100000000000001,2000.0,2009.0,419171.0,4581653.0,Vall baixa i Delta del Llobregat
QLSub - Pou Estrella Núm 02 Sgab,-0.2553032704221813,0.16613998032127428,3.758497555741901e-05,96.0,2.7310416666666666,7.66,2000.0,2009.0,418897.0,4581628.0,Vall baixa i Delta del Llobregat
QLSub - Pou Estrella Núm 03 Sgab,-0.10772557822484533,0.02792246025789186,0.10185321718865305,97.0,3.013092783505155,13.09,2000.0,2015.0,418551.0,4582074.0,Vall baixa i Delta del Llobregat
QLSub - Pou Estrella Núm 04 Sgab,0.32241299230280424,0.10470702647268575,0.001224663733359481,97.0,2.490824742268041,10.2,2000.0,2009.0,418475.0,4582388.0,Vall baixa i Delta del Llobregat
QLSub - Pou Estrella Núm 5 Sgab,-0.20522210094462093,0.13292053486407476,0.0002602976417419514,96.0,4.435208333333333,7.1,2000.0,2009.0,418778.87,4582534.74,Vall baixa i Delta del Llobregat
QLSub - Pou Estrella Núm 6 Sgab,-0.27666345052611746,0.18356028136583794,1.1977932489397243e-05,97.0,3.774948453608247,7.43,2000.0,2009.0,418994.87,4582345.74,Vall baixa i Delta del Llobregat
QLSub - Pou Feliu Bachs I Pitarch Segura,-0.07888269460268658,0.05809119998392047,0.35138688051444633,17.0,22.042117647058824,8.579999999999998,2004.0,2024.0,471081.15,4607995.38,Maresme
QLSub - Pou Finca La Valenciana,-0.0328977806746035,0.039279892234001676,0.5369210364341579,12.0,291.2433333333333,1.8999999999999773,2014.0,2025.0,298629.0,4624499.0,N/D - Subterrània
QLSub - Pou Font Gitarda - Ajmt Barberà De La Conca,-0.2982623944989108,0.3307297457421012,0.00999612564873941,19.0,452.25894736842105,8.910000000000025,2009.0,2026.0,352555.0,4586208.0,Prades - Alt Francolí
QLSub - Pou Fontvella 2 (Ajmt Cadaquès),0.015699352130157017,0.007482224814273633,0.8003583665599212,11.0,-0.9336363636363637,2.15,2014.0,2025.0,522667.0,4681977.0,Al·luvials de l'Albera i Cap de Creus
QLSub - Pou Forallac - Ajmt La Bisbal I Forallac,-0.026700572064965747,0.008162920761689299,0.7916399060730752,11.0,22.75909090909091,5.649999999999999,2005.0,2024.0,503478.0,4647694.0,Fluviodeltaic del Baix Ter
QLSub - Pou Francisco Simon Fonseca (Mas Gran),-0.030144050773389032,0.02427085298991363,0.0063186563832919,306.0,222.69875816993465,6.949999999999989,2000.0,2024.0,312442.0,4554861.0,Fossa de Móra
"QLSub - Pou Ganadera Del Carmen, Sa",0.11782466855802301,0.08119774821703252,0.3957014929206537,11.0,582.1627272727272,5.7999999999999545,2013.0,2025.0,365209.24,4682104.1,Cadí-Port del Comte
QLSub - Pou Gilet Iv (Ajuntament De L'Ampolla),1.596977836146622,0.10726269163494749,0.00010556482635135168,135.0,15.928496296296295,107.10000000000001,2000.0,2009.0,304890.25,4524011.52,l'Ametlla de Mar- Perelló
QLSub - Pou Gran Ciutadilla O De La Vall,-0.07665053795609175,0.10676444793453375,0.2758610799703796,13.0,465.55153846153837,4.25,2008.0,2026.0,345507.91,4602874.33,N/D - Subterrània
QLSub - Pou Granja Batiste,0.26164690683325886,0.8262760126365609,0.00010606904590186643,11.0,169.63,3.469999999999999,2013.0,2026.0,295722.0,4592946.0,N/D - Subterrània
QLSub - Pou Granja Biosca,-0.026967825959832943,0.021863961540103893,0.6465156838026187,12.0,240.19583333333333,2.519999999999982,2013.0,2025.0,401166.12,4618762.93,Detrítics terciaris del Llobregat mig
QLSub - Pou Granja Vilalta,0.017321634309047047,0.013421653115358756,0.749948150744423,10.0,239.42199999999997,1.7399999999999807,2013.0,2026.0,405966.15,4622158.9,Detrítics terciaris del Llobregat mig
QLSub - Pou Gros Serinyà/ Aj_Serinya,0.16391038975251243,0.2562922168151283,0.09306643733592766,12.0,182.79758333333334,7.498999999999995,2006.0,2025.0,478956.62,4668204.42,Baixa Garrotxa-Pla de l'Estany
QLSub - Pou Gualta B (2 Nou) - Mancomunitat Etap Torrent,-0.1999069129125028,0.15203739164208607,0.23583130266508268,11.0,-3.4918181818181817,10.11,2005.0,2025.0,508947.6,4653316.1,Fluviodeltaic del Baix Ter
QLSub - Pou Horta Serra B,-0.03876698027258439,0.23288752602060714,0.09486421511199528,13.0,10.335615384615384,1.7799999999999994,2004.0,2025.0,446816.01,4594515.55,Maresme
QLSub - Pou Horta València (Can Boix),-0.015800326234442098,0.1793355441808769,0.05575655607585081,21.0,-1.111095238095238,1.3900000000000001,2002.0,2024.0,451462.23,4596716.82,Maresme
QLSub - Pou Ingalsa,0.05526300378179021,0.0020567120773729787,0.8776532479316204,14.0,56.945,22.6,2007.0,2024.0,436720.03,4599340.63,Al·luvials del Vallès
"QLSub - Pou Interior Fabrica (Congelats Olot, Sl) / Manso Portella",-0.14800249576405386,0.297290588086514,0.0005841912549312869,36.0,162.08083333333332,7.949999999999989,2008.0,2024.0,470972.64,4673482.49,Baixa Garrotxa-Pla de l'Estany
QLSub - Pou Isidra,-0.041637144258735964,0.04264993630264914,0.5670200046055498,10.0,747.773,2.0,2015.0,2025.0,340906.0,4666796.0,Tremp-Isona
QLSub - Pou Isopor,-0.07810558573603182,0.08025427749197689,0.34828642280938016,13.0,55.665461538461535,6.950000000000003,2005.0,2024.0,435434.02,4598989.64,Al·luvials del Vallès
QLSub - Pou Jardí - Ajmt Tordera [T+U] / Aqualia,1.1946140715249138,0.10334897089604414,0.2426403965675137,15.0,16.372,9.659999999999998,2021.0,2025.0,476461.22,4616730.36,Al·luvials de la baixa i delta de la Tordera
QLSub - Pou Jcbt 01-Bo-1 Cr-Sequia-Vinyals - Pou Suñer (Propietat) | Pou Costa (Usuari),-0.0747069111487435,0.07632775893241155,0.4108628074785978,11.0,34.43909090909091,4.25,2013.0,2026.0,492947.0,4654960.0,Fluviodeltaic del Baix Ter
QLSub - Pou Joan Rebull Llaó (Piezómetre Rebull),-0.05107791229825388,0.012599461544208436,0.0776777721657183,248.0,23.12358870967742,38.65,2000.0,2024.0,309600.0,4533381.0,l'Ametlla de Mar- Perelló
QLSub - Pou Jordi Regi,-0.4169654534827775,0.10510256145394005,0.15164591555004417,21.0,2.8252380952380953,10.03,2001.0,2015.0,479746.0,4611545.0,Al·luvials de la baixa i delta de la Tordera
QLSub - Pou Josep Gabarra Solé,0.26742925254456645,0.3913367842400179,0.03953873491346579,11.0,380.4318181818182,5.5,2012.0,2025.0,330725.0,4596406.0,N/D - Subterrània
QLSub - Pou Josep M. Calvet Aran,0.0182188461001402,0.04195970246100442,0.4823733675437939,14.0,192.88000000000002,1.5900000000000034,2010.0,2026.0,316750.0,4619426.0,N/D - Subterrània
QLSub - Pou La Fabrica,-0.1346098999333896,0.03564440648740861,0.5180157505105096,14.0,496.5964285714286,6.0,2004.0,2012.0,437905.93,4639308.58,Plana de Vic - Collsacabra
QLSub - Pou La Font De Bellveí,0.5304718210244344,0.24105247213825223,0.06311085658364883,15.0,471.4886666666666,23.0,2007.0,2024.0,357705.6,4624145.5,Calcàries de Tàrrega
QLSub - Pou La Pedrera-1,-0.10680278832696709,0.05250123184129472,0.4737752067690797,12.0,57.307791666666674,12.841999999999999,2004.0,2023.0,460026.09,4603335.46,Maresme
QLSub - Pou La Quintana - Ajtm Sant Julià De Vilatorta,-0.23883282490328403,0.07382278009083547,0.36918850765606526,13.0,565.3523076923077,18.220000000000027,2004.0,2021.0,443263.0,4641474.0,Plana de Vic - Collsacabra
QLSub - Pou Les Escaules,0.2561981980222317,0.5450630289992465,0.009472504148490312,11.0,66.74190909090908,6.458999999999996,2007.0,2025.0,490381.76,4685145.36,Conca alta de la Muga
QLSub - Pou Les Gleyes - Vellvespre,-0.10313006520803004,0.1839495288197083,3.270086317088418e-06,109.0,430.74614678899076,5.600000000000023,2008.0,2024.0,458900.0,4668718.0,Fluviovolcànic de la Garrotxa
QLSub - Pou Les Planotes-La Faja,-0.15866262901176428,0.1415730988152323,2.0938584602953793e-07,179.0,428.71558659217874,8.939999999999998,2008.0,2026.0,455626.0,4670413.0,Fluviovolcànic de la Garrotxa
"QLSub - Pou Lloveras Plant, Sl - Vivers 2",0.6501819176508604,0.8116200509655387,0.0003738305359805496,10.0,-6.6697999999999995,14.84,2004.0,2023.0,457353.07,4600397.48,Maresme
QLSub - Pou Malgrat-2,-0.9344942724179411,0.6195796662678429,0.00029612332608786566,16.0,-13.7965,13.203,2013.0,2024.0,480474.0,4612055.0,Al·luvials de la baixa i delta de la Tordera
"QLSub - Pou Mapa Spontex Iberica, Sau (Tordera)",0.06642738639984101,0.09637766654139567,7.1462671522412516e-09,333.0,0.228900900900901,7.43,2000.0,2024.0,480697.89,4612069.92,Al·luvials de la baixa i delta de la Tordera
QLSub - Pou Maria Ribalayga,0.04358249046288579,0.15130813426630307,0.18896358242357233,13.0,1029.7784615384614,1.650000000000091,2013.0,2026.0,399057.67,4691521.06,La Cerdanya
QLSub - Pou Mas Bufador Vell_Bassagañas,-0.07242430578195311,0.03833798468420179,0.00739877201912188,186.0,398.4367741935484,17.349999999999966,2008.0,2026.0,458420.0,4670925.0,Fluviovolcànic de la Garrotxa
QLSub - Pou Mas Ferrer,-0.03385187605196294,0.13653565702520135,2.595087464137089e-06,153.0,-0.4367320261437909,2.58,2000.0,2023.0,513779.85,4652108.33,Fluviodeltaic del Baix Ter
QLSub - Pou Mas Font De Conangle 1,-0.0035114465121707187,0.0004033185754846157,0.9257906846588105,24.0,504.64875,7.0,2002.0,2026.0,438026.46,4656280.71,Plana de Vic - Collsacabra
QLSub - Pou Mas Mach,0.030593064657991616,0.14551183560538208,1.1448916123338298e-06,153.0,7.973267973856208,3.2,2000.0,2023.0,506239.0,4654589.0,Fluviodeltaic del Baix Ter
QLSub - Pou Mas Mallorquinet,2.6388821871361556,0.5443399970332943,0.00954513272657184,11.0,83.85545454545455,44.64,2012.0,2025.0,485702.42,4641207.13,Plioquaternari de l'Onyar
QLSub - Pou Mas Nogué,-0.051113393200250754,0.29290033929066345,4.246679559696991e-12,141.0,11.48758865248227,2.01,2000.0,2023.0,504123.77,4657034.51,Paleògens del Baix Ter
QLSub - Pou Mas Paguina,-0.0005419755369886804,0.00010578913489811607,0.863470270887966,282.0,0.5930141843971631,3.37,2000.0,2026.0,515200.37,4654203.62,Fluviodeltaic del Baix Ter
"QLSub - Pou Mas Pallerols - Armen-Home, Slu",0.08083552975197472,0.9201223458306511,1.1506146645159277e-05,10.0,1129.615,0.900000000000091,2014.0,2026.0,412627.0,4698061.0,La Cerdanya
QLSub - Pou Mas Pratdevall / Mas Pratdevall,-0.017983614634549935,0.015124656754733606,0.08432642856974741,198.0,422.32454545454533,3.4599999999999795,2008.0,2026.0,465957.0,4666027.0,Fluviovolcànic de la Garrotxa
QLSub - Pou Mas Roig 03 - Gran Aqüeducte Vilanovès,0.3711969345238257,0.26896037647128085,2.2965654724325136e-13,174.0,86.06080459770114,20.939999999999998,2000.0,2024.0,379256.0,4569252.0,Sorres de Santa Oliva
QLSub - Pou Mas Roig 06 - Mina Gran Aqüeducte,-0.4254488862219216,0.011828485358083143,0.7113088398558106,14.0,86.825,43.449999999999996,2015.0,2024.0,379277.0,4568872.0,Sorres de Santa Oliva
QLSub - Pou Mas Roig 12 - Mina Gran Aqüeducte,0.35000705210840094,0.06420684023815197,0.42681365918161174,12.0,63.30166666666667,10.379999999999995,2018.0,2024.0,378975.0,4569100.0,Sorres de Santa Oliva
QLSub - Pou Mas Roig 13 - Gran Aqüeducte Vilanovès (Saur),0.33574311368189064,0.3206454270256668,3.166029696952289e-16,175.0,82.64702857142856,17.549999999999997,2000.0,2024.0,379213.0,4569142.0,Sorres de Santa Oliva
QLSub - Pou Mas Soler,-0.03357568537595862,0.14338360261079244,1.9987366766705173e-08,206.0,6.293300970873787,3.59,2000.0,2026.0,511266.16,4653871.15,Fluviodeltaic del Baix Ter
QLSub - Pou Mas Torras,0.03442184582974725,0.12583207382935588,1.1175606556195255e-05,146.0,7.505547945205479,2.709999999999999,2000.0,2020.0,507501.0,4654648.0,Fluviodeltaic del Baix Ter
QLSub - Pou Matissar - Ajuntament Guiamets,-0.02763467231148003,0.0033330510733896343,0.33752978780464804,278.0,152.48320143884894,17.69999999999999,2000.0,2024.0,311425.0,4552602.0,Fossa de Móra
QLSub - Pou Mogent - Ajmt. Granollers,0.48321732292924663,0.0643329095463994,0.28056935351607937,20.0,77.478575,50.5,2007.0,2025.0,439967.04,4600584.61,Al·luvials del Vallès
QLSub - Pou Molí,-0.10867887525219053,0.2366768716343077,0.12915902053726208,11.0,242.18454545454543,4.519999999999982,2007.0,2024.0,451801.16,4614173.54,Detrític neogen del Vallès
QLSub - Pou Molí De Les Fonts,-0.02515229290194667,0.00265556571233335,0.06173809924994243,1315.0,429.39877338403033,5.2830000000000155,2009.0,2017.0,457791.59,4668933.58,Fluviovolcànic de la Garrotxa
QLSub - Pou Montcada Regants - Central La Llagosta (Sgab),-2.000757717761436,0.8534278973280822,3.3792311955771957e-124,295.0,19.635084745762715,32.38,2000.0,2026.0,433036.0,4595015.0,Al·luvials del Vallès
QLSub - Pou Montserrat Al Parc De La Devesa (Ajmt Girona),0.1696950102838882,0.14682980279916458,0.1962201258970919,13.0,63.92546153846153,9.628999999999998,2007.0,2025.0,484484.48,4648382.72,"Al·luvials del Ter Mig, Brugent i Llémena"
QLSub - Pou Montserrat Laboria Marti (Gassol),-0.015790780402901633,0.020635907696851922,0.1743155971205104,91.0,4.494065934065934,1.5500000000000003,2000.0,2007.0,312655.0,4530651.0,l'Ametlla de Mar- Perelló
QLSub - Pou Montsolís Sgab,0.154344584451956,0.6716060474701862,6.203886876328427e-44,176.0,5.769204545454546,4.699999999999999,2000.0,2019.0,433601.9,4587035.6,Baix Besòs i Pla de Barcelona
QLSub - Pou Municipal Riera De Colera,0.12774023129132245,0.41683904317705006,0.017149964486820938,13.0,-1.279153846153846,4.399,2007.0,2024.0,512421.0,4694537.0,Al·luvials de l'Albera i Cap de Creus
QLSub - Pou Nou,13.57121386672841,0.36448747320980623,0.013271434410286765,16.0,448.075625,490.21,2002.0,2025.0,343895.53,4553031.26,Baix Camp
QLSub - Pou Nou 2004  (Abastament Municipal),0.04352558687259809,0.037112805667790905,0.528327713002642,13.0,4.743846153846154,3.4400000000000004,2012.0,2025.0,507257.0,4660770.0,Fluviodeltaic del Baix Ter
QLSub - Pou Nou Ajuntament De Rasquera,0.0005574469620286073,4.9399107186707493e-05,0.9014340450237421,313.0,17.941182108626197,4.640000000000001,2000.0,2024.0,299160.0,4543572.0,Fossa de Móra
QLSub - Pou Nou De L'Illa - Abastament Flaçà,0.05434379552767423,0.12504607283630734,0.2860430689784833,11.0,23.115545454545455,3.0090000000000003,2007.0,2024.0,496303.0,4656126.0,Fluviodeltaic del Baix Ter
QLSub - Pou Nou Etap / Pou 1 Fontanilles (Etap) - Comunitat Daró-Ter,-0.02961799888798542,0.0008155699791971369,0.9262131469928843,13.0,4.266153846153847,17.48,2012.0,2026.0,506904.0,4653958.0,Fluviodeltaic del Baix Ter
QLSub - Pou Nou Obert Rectoria - Ajmt Campllong,0.2922064730957226,0.03091374350951962,0.04293429910230901,133.0,89.82669172932331,26.179999999999993,2011.0,2024.0,486143.4,4637985.32,Plioquaternari de l'Onyar
QLSub - Pou Nº 1 (Lliçà De Vall),0.06262928409390307,0.060608377469683415,0.32473770905971167,18.0,191.92822222222222,7.25,2007.0,2025.0,437035.07,4604805.64,Al·luvials del Vallès
QLSub - Pou Nº1 Ajuntament Prats I Sansor (Fusteria),-0.21832859275463112,0.19864215944924407,0.14646568360602177,12.0,1065.0133333333333,6.789999999999964,2013.0,2025.0,403888.0,4691640.0,La Cerdanya
QLSub - Pou Orriols 3 (Nou) - Ajmt Celrà,-0.0031790287299191242,0.00024960493334723723,0.9611328551490057,12.0,37.15258333333333,5.239000000000004,2005.0,2026.0,489264.53,4654694.32,Fluviodeltaic del Baix Ter
QLSub - Pou Pa Santa Magdalena - Ramon Carrascos Carbonell,-0.05178800682008397,0.4809162495155979,0.012382032518529934,12.0,277.1008333333333,0.910000000000025,2014.0,2026.0,299931.06,4631096.72,Al·luvial del baix Segre_Cat
QLSub - Pou Pa. Penyarroja Coop. Sant Gaietà,0.015932691659269586,0.019621396530870937,0.681229299430002,11.0,99.16727272727272,1.25,2013.0,2023.0,288477.0,4597126.0,Al·luvial del baix Segre_Cat
QLSub - Pou Pallerols 2001,0.04070931963414409,0.0263368655100994,0.548179003857828,16.0,580.72125,4.199999999999932,2008.0,2026.0,363158.62,4608393.33,N/D - Subterrània
QLSub - Pou Parracoll B (Ajuntament De L'Ametlla De Mar),-0.055160623222883245,0.00482364479030916,0.5855278781610541,64.0,5.5859375,11.120000000000001,2018.0,2024.0,309948.0,4529585.0,l'Ametlla de Mar- Perelló
QLSub - Pou Partida Amplos,0.11796680791907152,0.25749875390101473,0.13434625700943142,10.0,214.064,3.3500000000000227,2012.0,2023.0,312372.0,4624078.0,N/D - Subterrània
"QLSub - Pou Partida Barca (Po. 1, Pa. 68)",-0.07369549106440498,0.4697687858242736,0.01388998741795632,12.0,227.50666666666663,1.2800000000000011,2013.0,2025.0,319283.0,4633472.0,Al·luvial del baix Segre_Cat
QLSub - Pou Partida De Vallmajor (Pol 2 Par 88),0.08730355389383813,0.012637954411318366,0.7420884891531563,11.0,348.5527272727273,8.050000000000011,2014.0,2025.0,305755.0,4587600.0,N/D - Subterrània
"QLSub - Pou Partida Malpartit - Ribot Vidal, Josep",0.048644410365091165,0.023721702170924806,0.6327053135921644,12.0,333.03416666666664,3.9399999999999977,2013.0,2025.0,293973.0,4620732.0,N/D - Subterrània
QLSub - Pou Pasqualet,-0.29646776264663205,0.2990181675756896,0.053130766002486327,13.0,222.6167692307692,13.860000000000014,2005.0,2026.0,429626.1,4610599.7,Prelitoral del Vallès
QLSub - Pou Pau Casals,0.13321103037679524,0.4177653905755901,0.02314599311400369,12.0,28.443416666666664,4.759,2005.0,2024.0,495923.0,4655242.0,Fluviodeltaic del Baix Ter
QLSub - Pou Pepito - Abastament Urb. Castellà D'Índies,-0.23135647421909075,0.36435500009387073,0.013292645725224182,16.0,29.546718749999997,10.9115,2002.0,2023.0,467203.0,4607525.0,Maresme
QLSub - Pou Pineda Feu 1 / Ajmt. Lliçà D'Amunt,-0.5790471594379849,0.596204417419506,0.001981742510667241,13.0,141.80003846153846,15.25,2007.0,2024.0,436494.1,4609024.65,Al·luvials del Vallès
QLSub - Pou Piscolet,0.29878726664792143,0.05440520573373205,0.36760113726019694,17.0,-2.9246470588235294,37.45,2004.0,2025.0,476516.16,4609145.34,Maresme
QLSub - Pou Plandiure - Ajmt La Garriga,-1.4406773218689506,0.0134944359055738,0.7054886918972496,13.0,214.37076923076924,99.55000000000001,2005.0,2011.0,440147.15,4614973.63,Al·luvials del Vallès
QLSub - Pou Planet (Sorea),-0.48158198733123586,0.08353002695209981,0.38869876443128004,11.0,21.999045454545456,46.7,2003.0,2023.0,464134.95,4604500.12,Maresme
QLSub - Pou Pol 10 Godall (Vinyetes),0.23230565666045172,0.001690414860585321,0.7155334147105241,81.0,18.040493827160493,55.83,2000.0,2006.0,286850.09,4505761.62,Serra del Montsià
QLSub - Pou Pol 17 Pc 17 Roquetes (Antic Forcada Ii),-0.34760901967729163,0.04072123921999601,0.0010925788269654144,259.0,22.810038610038607,86.89,2000.0,2024.0,284070.16,4515746.66,Mesozoic de la Galera
QLSub - Pou Pol 17 Pc 42 Santa Barbara,-0.13477769122884603,0.01337754571307644,0.06733700651223523,251.0,14.748964143426294,51.22,2000.0,2024.0,286105.12,4510996.64,Mesozoic de la Galera
QLSub - Pou Pol 6 Pc 74 Godall (Arcis),-0.14621406231349407,0.022828458095201225,0.01616491585962605,253.0,90.25296442687747,68.09,2000.0,2024.0,283970.08,4505221.64,Mesozoic de la Galera
QLSub - Pou Pont De La Tria - Ajmt Perafita,0.12830874335304573,0.023648811849567207,0.6516685704313214,11.0,721.3018181818181,23.860000000000014,2002.0,2024.0,426660.0,4654682.0,N/D - Subterrània
QLSub - Pou Profund Ventalles,0.2760213142404443,0.05503195656937708,0.012384617471493704,113.0,10.313716814159292,73.94999999999999,2003.0,2024.0,288130.06,4501906.61,Serra del Montsià
QLSub - Pou Pròmic 2 (Reg Agrícola),0.32602430787800624,0.06948272347576476,0.2358945097837169,22.0,473.20227272727266,33.0,2002.0,2026.0,437126.0,4653171.0,Plana de Vic - Collsacabra
QLSub - Pou Puig,0.030862976232850704,0.0046762160981810835,0.7874597031265225,18.0,125.58524999999999,14.0,2007.0,2024.0,436874.09,4607421.64,Al·luvials del Vallès
QLSub - Pou Puntiblond 7 (Cardedeu 7 / Suprimit De La Concessió),-0.17790174779026918,0.5929242179212659,0.00048441285562922804,16.0,210.93,6.060000000000002,2007.0,2024.0,445848.13,4611030.58,Detrític neogen del Vallès
QLSub - Pou Radial Martorell 1 Sgab,-0.14039582008110196,0.22543990448309215,4.879482995363274e-08,119.0,42.78109243697479,5.25,2000.0,2010.0,411026.24,4592661.52,Cubeta d'Abrera
QLSub - Pou Radial Martorell 3 Sgab,0.04104996633621362,0.04676023148799007,0.018175088426864664,119.0,43.615966386554625,5.920000000000002,2000.0,2010.0,410160.25,4594290.13,Cubeta d'Abrera
QLSub - Pou Ramon Badia  Arbones (Pou Càmeres Badia),3.1331713108640833,0.13364099657589465,0.13574202145173528,18.0,275.3138888888889,225.0,2003.0,2026.0,338579.02,4618834.41,Al·luvial d'Urgell
QLSub - Pou Ramon Font Escudero - 1,-0.49681929424960125,0.17501324533381687,0.0469643907247876,23.0,1.4695652173913045,8.059999999999999,2001.0,2011.0,480064.0,4611142.0,Al·luvials de la baixa i delta de la Tordera
QLSub - Pou Ramon Font Escudero - 2,-0.21302635601044567,0.32902746197772376,0.0005988318155212647,32.0,1.7627968749999998,7.71,2001.0,2024.0,480062.0,4611344.0,Al·luvials de la baixa i delta de la Tordera
QLSub - Pou Ramon Lleonard,0.6996762513144321,0.05416578587750112,0.4232971187356056,14.0,27.544964285714283,79.95949999999999,2004.0,2024.0,450856.05,4599755.53,Maresme
QLSub - Pou Ramon Pujol (Filicolor),-0.05745565811677105,0.0666595233210843,0.020761959151044333,80.0,258.76725,12.73999999999998,2008.0,2026.0,470506.57,4664380.48,Baixa Garrotxa-Pla de l'Estany
QLSub - Pou Ramon_Vilardell,1.3634763749828578,0.7932183421669144,0.0005475599906425223,10.0,165.667,5.659999999999997,2023.0,2026.0,492898.83,4693858.35,Conca alta de la Muga
QLSub - Pou Rastre I -  Ajuntament De Tortosa,0.038935974281677194,0.003572008678173879,0.6032137852555457,78.0,4.478589743589744,5.610000000000001,2000.0,2006.0,292053.0,4521080.0,Cardó - Vandellòs
QLSub - Pou Reg Tros Gran,-0.09447673667104875,0.03136870991942701,0.5446953524916656,14.0,286.0464285714286,10.089999999999975,2008.0,2026.0,337879.11,4617660.91,Al·luvial d'Urgell
QLSub - Pou Riu (Pou 3 Càmpings La Tordera + Les Nacions  (B-4-A)),0.0037891831512418023,0.006531111781593944,0.3802382860057194,120.0,-0.6095,2.4000000000000004,2000.0,2024.0,481283.0,4611297.0,Al·luvials de la baixa i delta de la Tordera
QLSub - Pou Riu Fluvià / Municipal,0.027925270802073153,0.04443840913246536,0.53381426154821,11.0,11.834545454545456,1.549999999999999,2014.0,2026.0,499406.65,4668345.26,Fluviodeltaic del Fluvià - Muga
QLSub - Pou Rodó,-0.23487013452150865,0.6613079135429509,0.0023342116597249705,11.0,680.8863636363635,3.1200000000000045,2015.0,2025.0,374129.13,4690941.25,Alt Urgell
QLSub - Pou Roger (Antic Can Solà_1),-0.015288671255451013,0.009190031330934914,0.779183582256372,11.0,-0.05163636363636363,2.2,2011.0,2025.0,481044.0,4612397.0,Al·luvials de la baixa i delta de la Tordera
QLSub - Pou Sant Jordi - Bosc Nou (Ajuntament De L'Ametlla De Mar),0.3099283620172546,0.05536549950256854,0.06339877667163295,63.0,2.5558730158730163,11.58,2018.0,2026.0,314408.0,4533676.0,l'Ametlla de Mar- Perelló
QLSub - Pou Sant Josep 1 - Ajmt Llinars Del Vallès,-0.10570668081580069,0.26118309815797475,0.015068037017953506,22.0,159.0845454545455,6.02000000000001,2005.0,2025.0,447565.11,4608190.56,Al·luvials del Vallès
QLSub - Pou Santa Agnès (Sorea) - Ajmt La Roca Del Vallès,0.021091542997438647,0.023480296472839144,0.585602371509844,15.0,133.64143333333334,4.0,2007.0,2026.0,445649.09,4606209.57,Al·luvials del Vallès
QLSub - Pou Santa Coloma Industrial-1 Sgab,0.1540207928592719,0.5332483992117962,1.3362719625198575e-31,182.0,8.053791208791209,5.39,2000.0,2019.0,433589.44,4588790.24,Baix Besòs i Pla de Barcelona
QLSub - Pou Sat Camp Verd,-2.342113337273979,0.03805558744632747,0.22770498819192514,40.0,102.72475,96.23,2008.0,2012.0,307059.0,4560329.5,Fossa de Móra
"QLSub - Pou Segrià V.O., Sl",-0.05362316645473968,0.05460312215032849,0.489225614940867,11.0,269.72,2.8700000000000045,2014.0,2025.0,299961.0,4620406.0,N/D - Subterrània
QLSub - Pou Sgab Santa Coloma Regants,0.13137585057919463,0.36640898509940395,1.3944505388304411e-27,262.0,13.094312977099237,5.5,2008.0,2019.0,432721.95,4589834.65,Baix Besòs i Pla de Barcelona
QLSub - Pou Sifons Ii -  Ajmt L'Escala,0.0395589151187395,0.006615126257422225,0.823255408193772,10.0,1.274,5.779999999999999,2012.0,2025.0,508737.0,4661555.0,Fluviodeltaic del Baix Ter
QLSub - Pou Sondeig Mas La Corda (Reg),0.06709454706304423,0.01926604701935686,0.30314530574781756,57.0,465.15614035087714,3.1999999999999886,2008.0,2013.0,453412.0,4670806.0,Fluviovolcànic de la Garrotxa
QLSub - Pou Sr. Josep Soms,-0.19107181059221265,0.1884176288482375,0.018637781171664754,29.0,2.8984827586206894,14.84,2001.0,2024.0,480423.0,4612106.0,Al·luvials de la baixa i delta de la Tordera
QLSub - Pou Sr. Lloret,0.4666204213447178,0.3539960143163557,0.007205997707209029,19.0,-3.794684210526316,17.55,2004.0,2024.0,450366.02,4595805.52,Maresme
QLSub - Pou Sr. Riera,-0.017639283350798368,0.03641737274339058,0.49569556424912864,15.0,-1.3520666666666667,2.44,2005.0,2025.0,479935.0,4611027.0,Al·luvials de la baixa i delta de la Tordera
QLSub - Pou Sr. Suqué,0.02717488744027897,0.26994611121508977,0.0687961191233782,13.0,-0.8721923076923077,1.09,2008.0,2025.0,479442.0,4611079.0,Al·luvials de la baixa i delta de la Tordera
QLSub - Pou Sr. Toni Privat,-1.220551358144252,0.1613542878666024,0.08824657515000407,19.0,0.9863157894736844,6.73,2001.0,2004.0,479832.0,4611020.0,Al·luvials de la baixa i delta de la Tordera
QLSub - Pou St. Jordi 1 (Barranc) (Pou Informació),-0.01764443241517747,0.0053763318026300915,0.39802260913480847,135.0,0.40429629629629626,27.529999999999998,2000.0,2024.0,316113.0,4532090.0,l'Ametlla de Mar- Perelló
"QLSub - Pou Supermercat - Grup Supeco Maxor, Sl",0.3118656309732952,0.5970743746361841,0.0032149625130715054,12.0,1140.2633333333333,6.599999999999909,2013.0,2026.0,411257.0,4697657.0,La Cerdanya
"QLSub - Pou Talleres Velilla, Sa",-0.09357911114733329,0.1581780121893412,0.25504296254722164,10.0,149.11329999999998,5.478499999999997,2005.0,2023.0,440374.1,4607997.62,Al·luvials del Vallès
QLSub - Pou Terrer - Ajmt Salou,-0.04626009984570698,0.12658707650944706,0.23282741016990996,13.0,1.5399999999999996,3.91,2002.0,2023.0,344082.5,4549246.26,Baix Francolí
QLSub - Pou Tordera 1 - Ajmt Maçanet Selva (Sorea),-0.21672230834985778,0.37219117398845436,0.03515831188838909,12.0,34.25402777777777,4.549999999999997,2010.0,2025.0,474439.9,4621253.3,Al·luvials de l'alta i mitjana Tordera
"QLSub - Pou Torres Descarrega, Jose (Mañé)",0.016553723259701437,0.022680142613869397,0.6779346066162389,10.0,18.118,2.289999999999999,2002.0,2025.0,302629.44,4549630.57,Fossa de Móra
QLSub - Pou Tuxans I Sgab,0.11068923278794224,0.26561605871710625,1.2455496755069403e-09,122.0,39.868442622950816,3.299999999999997,2000.0,2010.0,432724.37,4595334.81,Detrític neogen del Vallès
QLSub - Pou Urb St. Jordi 2 (Pou Bosc Antic),-1.3675317247600913,0.5739562766106115,7.514051058671309e-48,250.0,24.528119999999994,53.08,2000.0,2024.0,314745.0,4532354.0,l'Ametlla de Mar- Perelló
QLSub - Pou Urb. Vistamar,-0.22030528059535784,0.10469741464999494,0.3617576664235504,10.0,22.483,7.489999999999998,2003.0,2011.0,466979.13,4606759.41,Maresme
QLSub - Pou Urbanitzacio Cala Nova,0.15596266025530725,0.0822689939055699,0.42168884066916523,10.0,-8.764999999999999,6.34,2013.0,2022.0,315776.0,4529665.0,l'Ametlla de Mar- Perelló
QLSub - Pou Urbanizació St. Jordi,0.22714462363347798,0.02564053587532127,0.028157387577609685,188.0,3.1136170212765957,57.75,2000.0,2012.0,314746.33,4532445.45,l'Ametlla de Mar- Perelló
QLSub - Pou V. Piug De Mar Coromines,-0.2650269684073302,0.41009384100959767,2.7273184927338663e-10,78.0,453.5197435897436,14.5,2008.0,2024.0,463596.88,4666076.53,Fluviovolcànic de la Garrotxa
QLSub - Pou Valleta 2 O Valleta - Ajmt Llançà,-0.20687948441660592,0.19451370398265272,0.17451570434224845,11.0,-0.7763636363636363,7.85,2010.0,2025.0,511885.0,4689918.0,Al·luvials de l'Albera i Cap de Creus
QLSub - Pou Vedruna (Casc Urbà),-0.7992016850046509,0.438916044523363,1.668075333736811e-25,191.0,353.192722513089,29.80000000000001,2008.0,2026.0,461610.41,4656327.86,"Al·luvials del Ter Mig, Brugent i Llémena"
QLSub - Pou Vell Escola_Ajmt Vilamacolum,0.2561666387144848,0.6738957172688579,0.00195422744147742,11.0,-1.457272727272727,6.61,2005.0,2026.0,504821.68,4671565.23,Fluviodeltaic del Fluvià - Muga
QLSub - Pou Vell Jaume Abras Sa,-0.045442258527256585,0.045488500962541596,0.4641022095063808,14.0,89.65999999999998,3.530000000000001,2009.0,2026.0,483826.39,4637950.33,Plioquaternari de l'Onyar
QLSub - Pou Ventós,-0.057821191480531414,0.1373070010837424,5.2719318546493434e-08,203.0,7.189950738916256,8.41,2000.0,2024.0,287947.21,4522461.64,Plana de la Galera
QLSub - Pou Vidal,0.11289134780342798,0.024460047645815833,0.5488848034856808,17.0,-2.537470588235294,19.16,2004.0,2023.0,475681.16,4608710.35,Maresme
QLSub - Pou Vila-Robau,0.17691217078874774,0.48906436481529325,0.011369053950182876,12.0,10.037583333333334,4.678999999999999,2007.0,2023.0,500563.65,4668182.25,Fluviodeltaic del Fluvià - Muga
QLSub - Pou Vila-Sana 1 (Pol. 10 Parc. 5),0.08556738883051765,0.1343378001757336,0.2180274582809551,13.0,234.19615384615383,3.5700000000000216,2012.0,2026.0,324614.96,4613179.5,Al·luvial d'Urgell
"QLSub - Pou Vivers Espígol, Sl",-0.05096929401614293,0.016881111689462675,0.657980226358784,14.0,7.553000000000002,6.090000000000001,2011.0,2025.0,479419.0,4614675.0,Al·luvials de la baixa i delta de la Tordera
QLSub - Pou Vivers Riu D'Aura,0.16316041455284172,0.17633914120268235,0.1531270670291027,13.0,-5.07076923076923,7.569999999999999,2010.0,2026.0,502708.0,4628377.0,Al·luvials de la Baixa Costa Brava
QLSub - Pou Zona Esportiva - Ajmt Torelló,0.7163977335917209,0.04455536815715541,0.4501511440085366,15.0,483.0639999999999,92.0,2004.0,2025.0,438765.15,4654991.9,Plana de Vic - Collsacabra
QLSub - Pou-3 Nou -Captació Del Pla- Ajuntament De Calonge,0.7902403661253271,0.19126985591145343,0.1178621975692987,14.0,-2.7664285714285706,35.42,2008.0,2023.0,508024.4,4633399.14,Al·luvials de la Baixa Costa Brava
QLSub - Pou-6 (Ajmt Santa Oliva),0.19858127122974067,0.09175025633943834,5.371019018943242e-05,172.0,89.47523255813954,21.72,2000.0,2024.0,379103.1,4568957.1,Sorres de Santa Oliva
QLSub - Pou-6 - Ajuntament De Calonge,-0.0017599470528856598,4.29300128107541e-06,0.9954676159107254,10.0,1.6509999999999998,10.4,2008.0,2021.0,506650.4,4633883.15,Al·luvials de la Baixa Costa Brava
QLSub - Pou-797 Josep Rovira Salvador,-0.21234007992321283,0.33572880399942934,0.07918124938071495,10.0,-5.142016666666667,5.36,2009.0,2024.0,450457.03,4596563.52,Maresme
QLSub - Pozo Carretera,-0.2501291525218461,0.08901242696367875,2.6586594328645024e-06,239.0,304.3751046025105,52.900000000000034,2000.0,2024.0,280121.32,4538659.73,Ports de Beseit (CHE)_Cat
QLSub - Ptda La Font,9.595302278495787,0.5438474118640882,0.014926506933592787,10.0,260.371,239.11,2008.0,2026.0,322756.0,4607899.0,N/D - Subterrània
QLSub - Ptda.Espardà,0.09259546864389377,0.2247158477172944,0.11948920340735869,12.0,203.38000000000002,2.3300000000000125,2010.0,2023.0,316006.0,4611852.0,Al·luvial d'Urgell
QLSub - Ramon Buira,0.7912476746571374,0.3784110571708663,0.05836592589735521,10.0,379.924,14.779999999999973,2012.0,2025.0,297196.0,4635987.0,N/D - Subterrània
QLSub - Ranxo Santana,0.06505852848350192,0.525455532000774,0.017700486464868985,10.0,148.195,1.8100000000000023,2008.0,2025.0,396005.9,4590895.93,Detrític neogen del Penedès
QLSub - S-2 (4),-0.17888925656504073,0.1845063301358353,3.348721669604708e-08,152.0,451.0515789473684,10.42999999999995,2012.0,2026.0,352573.0,4586206.0,Prades - Alt Francolí
QLSub - S-5 (5),-0.0854766158612712,0.023239409795265623,0.0732044700004528,139.0,509.3987050359712,9.310000000000002,2012.0,2024.0,354946.0,4585821.0,Prades - Alt Francolí
QLSub - Sabadell-1,0.5729699154428689,0.4422811641514028,1.4921861890486574e-22,166.0,119.36668674698797,35.45,2000.0,2024.0,425786.0,4601929.7,Detrític neogen del Vallès
QLSub - Sabadell-2,0.5184730812825317,0.24156741516627858,1.7687543585768974e-11,166.0,106.72831325301203,33.36,2000.0,2024.0,425786.6,4601929.8,Detrític neogen del Vallès
QLSub - Sabadell-3,0.7919789366880788,0.8308129180780314,1.487833891961528e-65,167.0,115.9846706586826,22.83,2000.0,2024.0,425789.7,4601930.9,Detrític neogen del Vallès
QLSub - Sanahuja,0.02106543797045876,0.006367523589902355,0.7774141496453287,15.0,120.42066666666666,6.0,2002.0,2023.0,351040.66,4568531.23,Baix Camp
QLSub - Sant Roc 1 (Emol-2),0.01743926227322178,0.0011198792952940657,0.015690060043705517,5212.0,442.68056334639294,13.66985072,2007.0,2022.0,456537.5,4668806.0,Fluviovolcànic de la Garrotxa
QLSub - Sant Roc 2 (Emol 1),0.10247053438856914,0.0013492041028494088,0.021492904360685603,3918.0,438.3217945348642,441.856,2007.0,2022.0,456538.0,4668806.0,Fluviovolcànic de la Garrotxa
QLSub - Serra-Garrofé,0.8008664890588503,0.3150501483080547,0.0459423284795182,13.0,232.89000000000001,26.28,2007.0,2023.0,321416.0,4610547.0,Al·luvial d'Urgell
QLSub - Sondeig De L'Hostalot,0.26130081909890834,0.07010085598287506,0.2111909386322168,24.0,625.5133333333333,34.84000000000003,2003.0,2026.0,431106.0,4637146.0,Plana de Vic - Collsacabra
QLSub - St. Martí  Morana,0.10236954241266528,0.08669099456597773,0.2513119078633598,17.0,434.4958823529411,7.0,2007.0,2024.0,354706.5,4626324.7,Calcàries de Tàrrega
QLSub - St. Martí De Maldà-1,0.03246375240890864,0.009981685278319366,0.7231419797078367,15.0,395.59333333333336,6.160000000000025,2008.0,2025.0,339057.0,4602678.0,N/D - Subterrània
QLSub - St. Ramon 2 Sta Fe,-0.674826850789561,0.05241905997421804,0.3607964719194021,18.0,520.6922222222223,71.60000000000002,2008.0,2026.0,362296.4,4617128.6,Calcàries de Tàrrega
QLSub - T.De Fluvià(La Font),0.651035518593353,0.6557140540050193,0.0007940500349073332,13.0,400.95923076923077,7.900000000000034,2012.0,2023.0,333725.0,4634635.0,N/D - Subterrània
QLSub - Talladell,0.29579653446228904,0.35303199074523084,0.032247116134380006,13.0,378.6684615384615,6.569999999999993,2008.0,2025.0,346912.0,4612011.0,Calcàries de Tàrrega
QLSub - Talteüll,0.04730770201773062,0.06493619959084071,0.37928138315671134,14.0,450.3171428571428,4.4599999999999795,2003.0,2025.0,360006.0,4629946.0,Calcàries de Tàrrega
QLSub - Tio Pepe 2,-0.12606044921148254,0.01138502143093274,0.08780733829831318,257.0,7.12455252918288,86.21,2000.0,2024.0,287089.98,4491476.6,Plana d'Alcanar
QLSub - Tonya,-0.06088834099173035,0.012313721725101014,0.6824437155336069,16.0,277.90749999999997,11.920000000000016,2008.0,2026.0,327285.0,4606183.0,Al·luvial d'Urgell
QLSub - Torre David Blanco,-0.10964440546830057,0.2109352822423,0.13309425201754274,12.0,310.9266666666667,3.2800000000000296,2014.0,2025.0,291175.0,4620226.0,N/D - Subterrània
QLSub - Torre De Claramunt,-0.5991099010466222,0.40726465712950966,9.418503802758841e-06,40.0,306.85949999999997,6.399999999999977,2000.0,2006.0,387601.22,4598898.49,Carme-Capellades
QLSub - Trilla,0.5393786113897721,0.3201886825366486,0.04382988602650115,13.0,400.88692307692304,20.54000000000002,2007.0,2025.0,353261.0,4624051.0,Calcàries de Tàrrega
QLSub - Verdú,-0.015250387700059393,0.032545920925617845,0.5553303358660132,13.0,359.7976923076924,1.3000000000000114,2008.0,2025.0,342302.0,4608252.0,Calcàries de Tàrrega
QLSub - Villa Lutgarda,-0.1367062597458572,0.04912598098996296,0.4463326552839372,14.0,107.72785714285716,13.0,2010.0,2026.0,483244.0,4642178.0,Plioquaternari de l'Onyar
QLSub - Violí,-0.36907349099020975,0.317478544187676,0.056418558984071526,12.0,288.68916666666667,8.25,2013.0,2024.0,334890.0,4613418.0,Al·luvial d'Urgell
